seq,val
AYKLILNGKTLKGETTTEAVDAATAEKVFKQYANDNGVDGEWTYDDATKTFTVTE,0.417347268
CYKLILNGKTLKGETTTEAVDAATAEKVFKQYANDNGVDGEWTYDDATKTFTVTE,0.02410735
DYKLILNGKTLKGETTTEAVDAATAEKVFKQYANDNGVDGEWTYDDATKTFTVTE,-0.093580235
EYKLILNGKTLKGETTTEAVDAATAEKVFKQYANDNGVDGEWTYDDATKTFTVTE,-0.049628982
FYKLILNGKTLKGETTTEAVDAATAEKVFKQYANDNGVDGEWTYDDATKTFTVTE,0.480460767
GYKLILNGKTLKGETTTEAVDAATAEKVFKQYANDNGVDGEWTYDDATKTFTVTE,0.254360739
HYKLILNGKTLKGETTTEAVDAATAEKVFKQYANDNGVDGEWTYDDATKTFTVTE,0.203890405
IYKLILNGKTLKGETTTEAVDAATAEKVFKQYANDNGVDGEWTYDDATKTFTVTE,0.238853067
KYKLILNGKTLKGETTTEAVDAATAEKVFKQYANDNGVDGEWTYDDATKTFTVTE,0.285557588
LYKLILNGKTLKGETTTEAVDAATAEKVFKQYANDNGVDGEWTYDDATKTFTVTE,0.317891905
MYKLILNGKTLKGETTTEAVDAATAEKVFKQYANDNGVDGEWTYDDATKTFTVTE,0.367795693
NYKLILNGKTLKGETTTEAVDAATAEKVFKQYANDNGVDGEWTYDDATKTFTVTE,0.12354919
PYKLILNGKTLKGETTTEAVDAATAEKVFKQYANDNGVDGEWTYDDATKTFTVTE,0.353403521
RYKLILNGKTLKGETTTEAVDAATAEKVFKQYANDNGVDGEWTYDDATKTFTVTE,0.437040329
SYKLILNGKTLKGETTTEAVDAATAEKVFKQYANDNGVDGEWTYDDATKTFTVTE,0.24285075
TYKLILNGKTLKGETTTEAVDAATAEKVFKQYANDNGVDGEWTYDDATKTFTVTE,0.281720311
VYKLILNGKTLKGETTTEAVDAATAEKVFKQYANDNGVDGEWTYDDATKTFTVTE,0.162172726
WYKLILNGKTLKGETTTEAVDAATAEKVFKQYANDNGVDGEWTYDDATKTFTVTE,0.375607684
YYKLILNGKTLKGETTTEAVDAATAEKVFKQYANDNGVDGEWTYDDATKTFTVTE,0.331120857
QAKLILNGKTLKGETTTEAVDAATAEKVFKQYANDNGVDGEWTYDDATKTFTVTE,-0.547075252
QCKLILNGKTLKGETTTEAVDAATAEKVFKQYANDNGVDGEWTYDDATKTFTVTE,-0.48409317
QDKLILNGKTLKGETTTEAVDAATAEKVFKQYANDNGVDGEWTYDDATKTFTVTE,-4.605170186
QEKLILNGKTLKGETTTEAVDAATAEKVFKQYANDNGVDGEWTYDDATKTFTVTE,-4.605170186
QFKLILNGKTLKGETTTEAVDAATAEKVFKQYANDNGVDGEWTYDDATKTFTVTE,0.052838959
QGKLILNGKTLKGETTTEAVDAATAEKVFKQYANDNGVDGEWTYDDATKTFTVTE,-3.380051811
QHKLILNGKTLKGETTTEAVDAATAEKVFKQYANDNGVDGEWTYDDATKTFTVTE,0.140493986
QIKLILNGKTLKGETTTEAVDAATAEKVFKQYANDNGVDGEWTYDDATKTFTVTE,-1.245973755
QKKLILNGKTLKGETTTEAVDAATAEKVFKQYANDNGVDGEWTYDDATKTFTVTE,-2.956957225
QLKLILNGKTLKGETTTEAVDAATAEKVFKQYANDNGVDGEWTYDDATKTFTVTE,-0.23463326
QMKLILNGKTLKGETTTEAVDAATAEKVFKQYANDNGVDGEWTYDDATKTFTVTE,-0.504596746
QNKLILNGKTLKGETTTEAVDAATAEKVFKQYANDNGVDGEWTYDDATKTFTVTE,-2.196601709
QPKLILNGKTLKGETTTEAVDAATAEKVFKQYANDNGVDGEWTYDDATKTFTVTE,-2.679657345
QQKLILNGKTLKGETTTEAVDAATAEKVFKQYANDNGVDGEWTYDDATKTFTVTE,-1.709467685
QRKLILNGKTLKGETTTEAVDAATAEKVFKQYANDNGVDGEWTYDDATKTFTVTE,-2.502079123
QSKLILNGKTLKGETTTEAVDAATAEKVFKQYANDNGVDGEWTYDDATKTFTVTE,-1.282285786
QTKLILNGKTLKGETTTEAVDAATAEKVFKQYANDNGVDGEWTYDDATKTFTVTE,-1.89255618
QVKLILNGKTLKGETTTEAVDAATAEKVFKQYANDNGVDGEWTYDDATKTFTVTE,-1.186463745
QWKLILNGKTLKGETTTEAVDAATAEKVFKQYANDNGVDGEWTYDDATKTFTVTE,0.107736847
QYALILNGKTLKGETTTEAVDAATAEKVFKQYANDNGVDGEWTYDDATKTFTVTE,-0.354445539
QYCLILNGKTLKGETTTEAVDAATAEKVFKQYANDNGVDGEWTYDDATKTFTVTE,-0.2732538
QYDLILNGKTLKGETTTEAVDAATAEKVFKQYANDNGVDGEWTYDDATKTFTVTE,-0.541594722
QYELILNGKTLKGETTTEAVDAATAEKVFKQYANDNGVDGEWTYDDATKTFTVTE,-0.497873727
QYFLILNGKTLKGETTTEAVDAATAEKVFKQYANDNGVDGEWTYDDATKTFTVTE,-0.271568899
QYGLILNGKTLKGETTTEAVDAATAEKVFKQYANDNGVDGEWTYDDATKTFTVTE,-0.569862061
QYHLILNGKTLKGETTTEAVDAATAEKVFKQYANDNGVDGEWTYDDATKTFTVTE,-0.284589125
QYILILNGKTLKGETTTEAVDAATAEKVFKQYANDNGVDGEWTYDDATKTFTVTE,-0.035509048
QYLLILNGKTLKGETTTEAVDAATAEKVFKQYANDNGVDGEWTYDDATKTFTVTE,0.285418193
QYMLILNGKTLKGETTTEAVDAATAEKVFKQYANDNGVDGEWTYDDATKTFTVTE,-0.042545001
QYNLILNGKTLKGETTTEAVDAATAEKVFKQYANDNGVDGEWTYDDATKTFTVTE,-0.367494617
QYPLILNGKTLKGETTTEAVDAATAEKVFKQYANDNGVDGEWTYDDATKTFTVTE,-3.428097663
QYQLILNGKTLKGETTTEAVDAATAEKVFKQYANDNGVDGEWTYDDATKTFTVTE,-0.108700847
QYRLILNGKTLKGETTTEAVDAATAEKVFKQYANDNGVDGEWTYDDATKTFTVTE,0.020518613
QYSLILNGKTLKGETTTEAVDAATAEKVFKQYANDNGVDGEWTYDDATKTFTVTE,-0.293969998
QYTLILNGKTLKGETTTEAVDAATAEKVFKQYANDNGVDGEWTYDDATKTFTVTE,-0.17726065
QYVLILNGKTLKGETTTEAVDAATAEKVFKQYANDNGVDGEWTYDDATKTFTVTE,-0.034677269
QYWLILNGKTLKGETTTEAVDAATAEKVFKQYANDNGVDGEWTYDDATKTFTVTE,-0.071163119
QYYLILNGKTLKGETTTEAVDAATAEKVFKQYANDNGVDGEWTYDDATKTFTVTE,-0.258543071
QYKAILNGKTLKGETTTEAVDAATAEKVFKQYANDNGVDGEWTYDDATKTFTVTE,-0.570099331
QYKCILNGKTLKGETTTEAVDAATAEKVFKQYANDNGVDGEWTYDDATKTFTVTE,-0.248762894
QYKDILNGKTLKGETTTEAVDAATAEKVFKQYANDNGVDGEWTYDDATKTFTVTE,-4.605170186
QYKEILNGKTLKGETTTEAVDAATAEKVFKQYANDNGVDGEWTYDDATKTFTVTE,-4.605170186
QYKFILNGKTLKGETTTEAVDAATAEKVFKQYANDNGVDGEWTYDDATKTFTVTE,-0.653427432
QYKGILNGKTLKGETTTEAVDAATAEKVFKQYANDNGVDGEWTYDDATKTFTVTE,-1.49930361
QYKHILNGKTLKGETTTEAVDAATAEKVFKQYANDNGVDGEWTYDDATKTFTVTE,-1.676780773
QYKIILNGKTLKGETTTEAVDAATAEKVFKQYANDNGVDGEWTYDDATKTFTVTE,-1.579763928
QYKKILNGKTLKGETTTEAVDAATAEKVFKQYANDNGVDGEWTYDDATKTFTVTE,-4.278890849
QYKMILNGKTLKGETTTEAVDAATAEKVFKQYANDNGVDGEWTYDDATKTFTVTE,-0.998552466
QYKNILNGKTLKGETTTEAVDAATAEKVFKQYANDNGVDGEWTYDDATKTFTVTE,-0.940280392
QYKPILNGKTLKGETTTEAVDAATAEKVFKQYANDNGVDGEWTYDDATKTFTVTE,-4.605170186
QYKQILNGKTLKGETTTEAVDAATAEKVFKQYANDNGVDGEWTYDDATKTFTVTE,-1.600280694
QYKRILNGKTLKGETTTEAVDAATAEKVFKQYANDNGVDGEWTYDDATKTFTVTE,-4.582430352
QYKSILNGKTLKGETTTEAVDAATAEKVFKQYANDNGVDGEWTYDDATKTFTVTE,-0.840687833
QYKTILNGKTLKGETTTEAVDAATAEKVFKQYANDNGVDGEWTYDDATKTFTVTE,-0.537821837
QYKVILNGKTLKGETTTEAVDAATAEKVFKQYANDNGVDGEWTYDDATKTFTVTE,-0.322315766
QYKWILNGKTLKGETTTEAVDAATAEKVFKQYANDNGVDGEWTYDDATKTFTVTE,-3.034007383
QYKYILNGKTLKGETTTEAVDAATAEKVFKQYANDNGVDGEWTYDDATKTFTVTE,-2.493500862
QYKLALNGKTLKGETTTEAVDAATAEKVFKQYANDNGVDGEWTYDDATKTFTVTE,-0.308743279
QYKLCLNGKTLKGETTTEAVDAATAEKVFKQYANDNGVDGEWTYDDATKTFTVTE,-0.146124395
QYKLDLNGKTLKGETTTEAVDAATAEKVFKQYANDNGVDGEWTYDDATKTFTVTE,-0.374239634
QYKLELNGKTLKGETTTEAVDAATAEKVFKQYANDNGVDGEWTYDDATKTFTVTE,0.131990372
QYKLFLNGKTLKGETTTEAVDAATAEKVFKQYANDNGVDGEWTYDDATKTFTVTE,0.234635727
QYKLGLNGKTLKGETTTEAVDAATAEKVFKQYANDNGVDGEWTYDDATKTFTVTE,0.135733695
QYKLHLNGKTLKGETTTEAVDAATAEKVFKQYANDNGVDGEWTYDDATKTFTVTE,0.0861698
QYKLKLNGKTLKGETTTEAVDAATAEKVFKQYANDNGVDGEWTYDDATKTFTVTE,0.083118672
QYKLLLNGKTLKGETTTEAVDAATAEKVFKQYANDNGVDGEWTYDDATKTFTVTE,0.350049359
QYKLMLNGKTLKGETTTEAVDAATAEKVFKQYANDNGVDGEWTYDDATKTFTVTE,-0.185609624
QYKLNLNGKTLKGETTTEAVDAATAEKVFKQYANDNGVDGEWTYDDATKTFTVTE,-0.18278533
QYKLPLNGKTLKGETTTEAVDAATAEKVFKQYANDNGVDGEWTYDDATKTFTVTE,-4.605170186
QYKLQLNGKTLKGETTTEAVDAATAEKVFKQYANDNGVDGEWTYDDATKTFTVTE,0.09623198
QYKLRLNGKTLKGETTTEAVDAATAEKVFKQYANDNGVDGEWTYDDATKTFTVTE,0.095822587
QYKLSLNGKTLKGETTTEAVDAATAEKVFKQYANDNGVDGEWTYDDATKTFTVTE,-0.262116605
QYKLTLNGKTLKGETTTEAVDAATAEKVFKQYANDNGVDGEWTYDDATKTFTVTE,0.072522841
QYKLVLNGKTLKGETTTEAVDAATAEKVFKQYANDNGVDGEWTYDDATKTFTVTE,0.053568847
QYKLWLNGKTLKGETTTEAVDAATAEKVFKQYANDNGVDGEWTYDDATKTFTVTE,0.19991841
QYKLYLNGKTLKGETTTEAVDAATAEKVFKQYANDNGVDGEWTYDDATKTFTVTE,0.344108164
QYKLIANGKTLKGETTTEAVDAATAEKVFKQYANDNGVDGEWTYDDATKTFTVTE,-0.069906947
QYKLICNGKTLKGETTTEAVDAATAEKVFKQYANDNGVDGEWTYDDATKTFTVTE,0.035272341
QYKLIDNGKTLKGETTTEAVDAATAEKVFKQYANDNGVDGEWTYDDATKTFTVTE,-3.753832261
QYKLIENGKTLKGETTTEAVDAATAEKVFKQYANDNGVDGEWTYDDATKTFTVTE,-2.008364782
QYKLIFNGKTLKGETTTEAVDAATAEKVFKQYANDNGVDGEWTYDDATKTFTVTE,-0.988400636
QYKLIGNGKTLKGETTTEAVDAATAEKVFKQYANDNGVDGEWTYDDATKTFTVTE,-1.319291419
QYKLIHNGKTLKGETTTEAVDAATAEKVFKQYANDNGVDGEWTYDDATKTFTVTE,-2.912782732
QYKLIINGKTLKGETTTEAVDAATAEKVFKQYANDNGVDGEWTYDDATKTFTVTE,0.530094174
QYKLIKNGKTLKGETTTEAVDAATAEKVFKQYANDNGVDGEWTYDDATKTFTVTE,-1.344779873
QYKLIMNGKTLKGETTTEAVDAATAEKVFKQYANDNGVDGEWTYDDATKTFTVTE,-0.884422001
QYKLINNGKTLKGETTTEAVDAATAEKVFKQYANDNGVDGEWTYDDATKTFTVTE,-1.576979505
QYKLIPNGKTLKGETTTEAVDAATAEKVFKQYANDNGVDGEWTYDDATKTFTVTE,-0.653150374
QYKLIQNGKTLKGETTTEAVDAATAEKVFKQYANDNGVDGEWTYDDATKTFTVTE,-1.709414146
QYKLIRNGKTLKGETTTEAVDAATAEKVFKQYANDNGVDGEWTYDDATKTFTVTE,-2.138568069
QYKLISNGKTLKGETTTEAVDAATAEKVFKQYANDNGVDGEWTYDDATKTFTVTE,-0.447382965
QYKLITNGKTLKGETTTEAVDAATAEKVFKQYANDNGVDGEWTYDDATKTFTVTE,-0.1617279
QYKLIVNGKTLKGETTTEAVDAATAEKVFKQYANDNGVDGEWTYDDATKTFTVTE,0.228582701
QYKLIWNGKTLKGETTTEAVDAATAEKVFKQYANDNGVDGEWTYDDATKTFTVTE,-2.832620398
QYKLIYNGKTLKGETTTEAVDAATAEKVFKQYANDNGVDGEWTYDDATKTFTVTE,-2.10242333
QYKLILAGKTLKGETTTEAVDAATAEKVFKQYANDNGVDGEWTYDDATKTFTVTE,0.021896293
QYKLILCGKTLKGETTTEAVDAATAEKVFKQYANDNGVDGEWTYDDATKTFTVTE,0.104641118
QYKLILDGKTLKGETTTEAVDAATAEKVFKQYANDNGVDGEWTYDDATKTFTVTE,-0.061651589
QYKLILEGKTLKGETTTEAVDAATAEKVFKQYANDNGVDGEWTYDDATKTFTVTE,-0.067377586
QYKLILFGKTLKGETTTEAVDAATAEKVFKQYANDNGVDGEWTYDDATKTFTVTE,0.466332014
QYKLILGGKTLKGETTTEAVDAATAEKVFKQYANDNGVDGEWTYDDATKTFTVTE,-0.088827544
QYKLILHGKTLKGETTTEAVDAATAEKVFKQYANDNGVDGEWTYDDATKTFTVTE,0.266644993
QYKLILIGKTLKGETTTEAVDAATAEKVFKQYANDNGVDGEWTYDDATKTFTVTE,-0.094000063
QYKLILKGKTLKGETTTEAVDAATAEKVFKQYANDNGVDGEWTYDDATKTFTVTE,0.258102612
QYKLILLGKTLKGETTTEAVDAATAEKVFKQYANDNGVDGEWTYDDATKTFTVTE,-0.03755653
QYKLILMGKTLKGETTTEAVDAATAEKVFKQYANDNGVDGEWTYDDATKTFTVTE,-0.2943112
QYKLILPGKTLKGETTTEAVDAATAEKVFKQYANDNGVDGEWTYDDATKTFTVTE,-3.806407429
QYKLILQGKTLKGETTTEAVDAATAEKVFKQYANDNGVDGEWTYDDATKTFTVTE,0.092874369
QYKLILRGKTLKGETTTEAVDAATAEKVFKQYANDNGVDGEWTYDDATKTFTVTE,0.35034878
QYKLILSGKTLKGETTTEAVDAATAEKVFKQYANDNGVDGEWTYDDATKTFTVTE,-0.063944086
QYKLILTGKTLKGETTTEAVDAATAEKVFKQYANDNGVDGEWTYDDATKTFTVTE,-0.41551602
QYKLILVGKTLKGETTTEAVDAATAEKVFKQYANDNGVDGEWTYDDATKTFTVTE,-0.107000719
QYKLILWGKTLKGETTTEAVDAATAEKVFKQYANDNGVDGEWTYDDATKTFTVTE,0.237685917
QYKLILYGKTLKGETTTEAVDAATAEKVFKQYANDNGVDGEWTYDDATKTFTVTE,0.458516025
QYKLILNAKTLKGETTTEAVDAATAEKVFKQYANDNGVDGEWTYDDATKTFTVTE,-0.225966287
QYKLILNCKTLKGETTTEAVDAATAEKVFKQYANDNGVDGEWTYDDATKTFTVTE,-0.456202787
QYKLILNDKTLKGETTTEAVDAATAEKVFKQYANDNGVDGEWTYDDATKTFTVTE,-2.018795447
QYKLILNEKTLKGETTTEAVDAATAEKVFKQYANDNGVDGEWTYDDATKTFTVTE,-2.179479634
QYKLILNFKTLKGETTTEAVDAATAEKVFKQYANDNGVDGEWTYDDATKTFTVTE,-1.352232555
QYKLILNHKTLKGETTTEAVDAATAEKVFKQYANDNGVDGEWTYDDATKTFTVTE,-1.574742681
QYKLILNIKTLKGETTTEAVDAATAEKVFKQYANDNGVDGEWTYDDATKTFTVTE,-1.979666115
QYKLILNKKTLKGETTTEAVDAATAEKVFKQYANDNGVDGEWTYDDATKTFTVTE,-2.09914158
QYKLILNLKTLKGETTTEAVDAATAEKVFKQYANDNGVDGEWTYDDATKTFTVTE,-1.630345114
QYKLILNMKTLKGETTTEAVDAATAEKVFKQYANDNGVDGEWTYDDATKTFTVTE,-1.91304227
QYKLILNNKTLKGETTTEAVDAATAEKVFKQYANDNGVDGEWTYDDATKTFTVTE,-2.108648411
QYKLILNPKTLKGETTTEAVDAATAEKVFKQYANDNGVDGEWTYDDATKTFTVTE,-1.435726709
QYKLILNQKTLKGETTTEAVDAATAEKVFKQYANDNGVDGEWTYDDATKTFTVTE,-2.05771062
QYKLILNRKTLKGETTTEAVDAATAEKVFKQYANDNGVDGEWTYDDATKTFTVTE,-1.407449235
QYKLILNSKTLKGETTTEAVDAATAEKVFKQYANDNGVDGEWTYDDATKTFTVTE,-0.889922248
QYKLILNTKTLKGETTTEAVDAATAEKVFKQYANDNGVDGEWTYDDATKTFTVTE,-1.184171419
QYKLILNVKTLKGETTTEAVDAATAEKVFKQYANDNGVDGEWTYDDATKTFTVTE,-1.856337097
QYKLILNWKTLKGETTTEAVDAATAEKVFKQYANDNGVDGEWTYDDATKTFTVTE,-1.310606853
QYKLILNYKTLKGETTTEAVDAATAEKVFKQYANDNGVDGEWTYDDATKTFTVTE,-1.383370888
QYKLILNGATLKGETTTEAVDAATAEKVFKQYANDNGVDGEWTYDDATKTFTVTE,-0.056008811
QYKLILNGCTLKGETTTEAVDAATAEKVFKQYANDNGVDGEWTYDDATKTFTVTE,-0.015772311
QYKLILNGDTLKGETTTEAVDAATAEKVFKQYANDNGVDGEWTYDDATKTFTVTE,-0.045970219
QYKLILNGETLKGETTTEAVDAATAEKVFKQYANDNGVDGEWTYDDATKTFTVTE,-0.131202366
QYKLILNGFTLKGETTTEAVDAATAEKVFKQYANDNGVDGEWTYDDATKTFTVTE,-0.016347273
QYKLILNGGTLKGETTTEAVDAATAEKVFKQYANDNGVDGEWTYDDATKTFTVTE,-0.39479976
QYKLILNGHTLKGETTTEAVDAATAEKVFKQYANDNGVDGEWTYDDATKTFTVTE,0.096745821
QYKLILNGITLKGETTTEAVDAATAEKVFKQYANDNGVDGEWTYDDATKTFTVTE,0.053143976
QYKLILNGLTLKGETTTEAVDAATAEKVFKQYANDNGVDGEWTYDDATKTFTVTE,0.059616156
QYKLILNGMTLKGETTTEAVDAATAEKVFKQYANDNGVDGEWTYDDATKTFTVTE,-0.338475762
QYKLILNGNTLKGETTTEAVDAATAEKVFKQYANDNGVDGEWTYDDATKTFTVTE,0.13684819
QYKLILNGPTLKGETTTEAVDAATAEKVFKQYANDNGVDGEWTYDDATKTFTVTE,-0.919014945
QYKLILNGQTLKGETTTEAVDAATAEKVFKQYANDNGVDGEWTYDDATKTFTVTE,-0.015210717
QYKLILNGRTLKGETTTEAVDAATAEKVFKQYANDNGVDGEWTYDDATKTFTVTE,0.454739381
QYKLILNGSTLKGETTTEAVDAATAEKVFKQYANDNGVDGEWTYDDATKTFTVTE,-0.102012238
QYKLILNGTTLKGETTTEAVDAATAEKVFKQYANDNGVDGEWTYDDATKTFTVTE,0.077123021
QYKLILNGVTLKGETTTEAVDAATAEKVFKQYANDNGVDGEWTYDDATKTFTVTE,0.101555636
QYKLILNGWTLKGETTTEAVDAATAEKVFKQYANDNGVDGEWTYDDATKTFTVTE,0.102287462
QYKLILNGYTLKGETTTEAVDAATAEKVFKQYANDNGVDGEWTYDDATKTFTVTE,0.032500789
QYKLILNGKALKGETTTEAVDAATAEKVFKQYANDNGVDGEWTYDDATKTFTVTE,-1.053332474
QYKLILNGKCLKGETTTEAVDAATAEKVFKQYANDNGVDGEWTYDDATKTFTVTE,-0.91688811
QYKLILNGKDLKGETTTEAVDAATAEKVFKQYANDNGVDGEWTYDDATKTFTVTE,-1.110272875
QYKLILNGKELKGETTTEAVDAATAEKVFKQYANDNGVDGEWTYDDATKTFTVTE,-1.178890304
QYKLILNGKFLKGETTTEAVDAATAEKVFKQYANDNGVDGEWTYDDATKTFTVTE,-0.949294891
QYKLILNGKGLKGETTTEAVDAATAEKVFKQYANDNGVDGEWTYDDATKTFTVTE,-1.275103137
QYKLILNGKHLKGETTTEAVDAATAEKVFKQYANDNGVDGEWTYDDATKTFTVTE,-0.96907626
QYKLILNGKILKGETTTEAVDAATAEKVFKQYANDNGVDGEWTYDDATKTFTVTE,-1.030214379
QYKLILNGKKLKGETTTEAVDAATAEKVFKQYANDNGVDGEWTYDDATKTFTVTE,-0.953999135
QYKLILNGKLLKGETTTEAVDAATAEKVFKQYANDNGVDGEWTYDDATKTFTVTE,-1.009957784
QYKLILNGKMLKGETTTEAVDAATAEKVFKQYANDNGVDGEWTYDDATKTFTVTE,-1.437178026
QYKLILNGKNLKGETTTEAVDAATAEKVFKQYANDNGVDGEWTYDDATKTFTVTE,-0.908231821
QYKLILNGKPLKGETTTEAVDAATAEKVFKQYANDNGVDGEWTYDDATKTFTVTE,-1.71017525
QYKLILNGKQLKGETTTEAVDAATAEKVFKQYANDNGVDGEWTYDDATKTFTVTE,-0.993772127
QYKLILNGKRLKGETTTEAVDAATAEKVFKQYANDNGVDGEWTYDDATKTFTVTE,-0.887425001
QYKLILNGKSLKGETTTEAVDAATAEKVFKQYANDNGVDGEWTYDDATKTFTVTE,-0.301178653
QYKLILNGKVLKGETTTEAVDAATAEKVFKQYANDNGVDGEWTYDDATKTFTVTE,-0.939081572
QYKLILNGKWLKGETTTEAVDAATAEKVFKQYANDNGVDGEWTYDDATKTFTVTE,-0.910330441
QYKLILNGKYLKGETTTEAVDAATAEKVFKQYANDNGVDGEWTYDDATKTFTVTE,-0.879754125
QYKLILNGKTAKGETTTEAVDAATAEKVFKQYANDNGVDGEWTYDDATKTFTVTE,-1.709851769
QYKLILNGKTCKGETTTEAVDAATAEKVFKQYANDNGVDGEWTYDDATKTFTVTE,-1.205855811
QYKLILNGKTDKGETTTEAVDAATAEKVFKQYANDNGVDGEWTYDDATKTFTVTE,-2.016408619
QYKLILNGKTEKGETTTEAVDAATAEKVFKQYANDNGVDGEWTYDDATKTFTVTE,-1.818199865
QYKLILNGKTFKGETTTEAVDAATAEKVFKQYANDNGVDGEWTYDDATKTFTVTE,-0.976489135
QYKLILNGKTGKGETTTEAVDAATAEKVFKQYANDNGVDGEWTYDDATKTFTVTE,-1.720563077
QYKLILNGKTHKGETTTEAVDAATAEKVFKQYANDNGVDGEWTYDDATKTFTVTE,-1.705546955
QYKLILNGKTIKGETTTEAVDAATAEKVFKQYANDNGVDGEWTYDDATKTFTVTE,-0.799938178
QYKLILNGKTKKGETTTEAVDAATAEKVFKQYANDNGVDGEWTYDDATKTFTVTE,-1.626914342
QYKLILNGKTMKGETTTEAVDAATAEKVFKQYANDNGVDGEWTYDDATKTFTVTE,-1.278038004
QYKLILNGKTNKGETTTEAVDAATAEKVFKQYANDNGVDGEWTYDDATKTFTVTE,-1.949568335
QYKLILNGKTPKGETTTEAVDAATAEKVFKQYANDNGVDGEWTYDDATKTFTVTE,-2.256776175
QYKLILNGKTQKGETTTEAVDAATAEKVFKQYANDNGVDGEWTYDDATKTFTVTE,-1.550821261
QYKLILNGKTRKGETTTEAVDAATAEKVFKQYANDNGVDGEWTYDDATKTFTVTE,-1.629367728
QYKLILNGKTSKGETTTEAVDAATAEKVFKQYANDNGVDGEWTYDDATKTFTVTE,-1.716183004
QYKLILNGKTTKGETTTEAVDAATAEKVFKQYANDNGVDGEWTYDDATKTFTVTE,-1.480513841
QYKLILNGKTVKGETTTEAVDAATAEKVFKQYANDNGVDGEWTYDDATKTFTVTE,-1.102155982
QYKLILNGKTWKGETTTEAVDAATAEKVFKQYANDNGVDGEWTYDDATKTFTVTE,-1.835429235
QYKLILNGKTYKGETTTEAVDAATAEKVFKQYANDNGVDGEWTYDDATKTFTVTE,-2.026077351
QYKLILNGKTLAGETTTEAVDAATAEKVFKQYANDNGVDGEWTYDDATKTFTVTE,-0.014397282
QYKLILNGKTLCGETTTEAVDAATAEKVFKQYANDNGVDGEWTYDDATKTFTVTE,0.160838726
QYKLILNGKTLDGETTTEAVDAATAEKVFKQYANDNGVDGEWTYDDATKTFTVTE,-0.59097244
QYKLILNGKTLEGETTTEAVDAATAEKVFKQYANDNGVDGEWTYDDATKTFTVTE,-0.180260653
QYKLILNGKTLFGETTTEAVDAATAEKVFKQYANDNGVDGEWTYDDATKTFTVTE,-0.194650781
QYKLILNGKTLGGETTTEAVDAATAEKVFKQYANDNGVDGEWTYDDATKTFTVTE,-0.286317574
QYKLILNGKTLHGETTTEAVDAATAEKVFKQYANDNGVDGEWTYDDATKTFTVTE,-0.250799971
QYKLILNGKTLIGETTTEAVDAATAEKVFKQYANDNGVDGEWTYDDATKTFTVTE,-0.119004802
QYKLILNGKTLLGETTTEAVDAATAEKVFKQYANDNGVDGEWTYDDATKTFTVTE,-0.455019681
QYKLILNGKTLMGETTTEAVDAATAEKVFKQYANDNGVDGEWTYDDATKTFTVTE,-0.12197427
QYKLILNGKTLNGETTTEAVDAATAEKVFKQYANDNGVDGEWTYDDATKTFTVTE,0.114413809
QYKLILNGKTLPGETTTEAVDAATAEKVFKQYANDNGVDGEWTYDDATKTFTVTE,-1.725448217
QYKLILNGKTLQGETTTEAVDAATAEKVFKQYANDNGVDGEWTYDDATKTFTVTE,-0.067922999
QYKLILNGKTLRGETTTEAVDAATAEKVFKQYANDNGVDGEWTYDDATKTFTVTE,0.34410275
QYKLILNGKTLSGETTTEAVDAATAEKVFKQYANDNGVDGEWTYDDATKTFTVTE,0.465493058
QYKLILNGKTLTGETTTEAVDAATAEKVFKQYANDNGVDGEWTYDDATKTFTVTE,0.520993511
QYKLILNGKTLVGETTTEAVDAATAEKVFKQYANDNGVDGEWTYDDATKTFTVTE,0.08182457
QYKLILNGKTLWGETTTEAVDAATAEKVFKQYANDNGVDGEWTYDDATKTFTVTE,0.623602627
QYKLILNGKTLYGETTTEAVDAATAEKVFKQYANDNGVDGEWTYDDATKTFTVTE,-0.484534211
QYKLILNGKTLKAETTTEAVDAATAEKVFKQYANDNGVDGEWTYDDATKTFTVTE,-1.50592178
QYKLILNGKTLKCETTTEAVDAATAEKVFKQYANDNGVDGEWTYDDATKTFTVTE,-1.499333496
QYKLILNGKTLKDETTTEAVDAATAEKVFKQYANDNGVDGEWTYDDATKTFTVTE,-2.000159757
QYKLILNGKTLKEETTTEAVDAATAEKVFKQYANDNGVDGEWTYDDATKTFTVTE,-1.404150036
QYKLILNGKTLKFETTTEAVDAATAEKVFKQYANDNGVDGEWTYDDATKTFTVTE,-2.10523026
QYKLILNGKTLKHETTTEAVDAATAEKVFKQYANDNGVDGEWTYDDATKTFTVTE,-1.572887724
QYKLILNGKTLKIETTTEAVDAATAEKVFKQYANDNGVDGEWTYDDATKTFTVTE,-1.551668653
QYKLILNGKTLKKETTTEAVDAATAEKVFKQYANDNGVDGEWTYDDATKTFTVTE,-2.050191216
QYKLILNGKTLKLETTTEAVDAATAEKVFKQYANDNGVDGEWTYDDATKTFTVTE,-1.966308656
QYKLILNGKTLKMETTTEAVDAATAEKVFKQYANDNGVDGEWTYDDATKTFTVTE,-2.531175958
QYKLILNGKTLKNETTTEAVDAATAEKVFKQYANDNGVDGEWTYDDATKTFTVTE,-1.537796909
QYKLILNGKTLKPETTTEAVDAATAEKVFKQYANDNGVDGEWTYDDATKTFTVTE,-2.45300937
QYKLILNGKTLKQETTTEAVDAATAEKVFKQYANDNGVDGEWTYDDATKTFTVTE,-1.60239986
QYKLILNGKTLKRETTTEAVDAATAEKVFKQYANDNGVDGEWTYDDATKTFTVTE,-1.79303525
QYKLILNGKTLKSETTTEAVDAATAEKVFKQYANDNGVDGEWTYDDATKTFTVTE,-1.573672173
QYKLILNGKTLKTETTTEAVDAATAEKVFKQYANDNGVDGEWTYDDATKTFTVTE,-1.422158273
QYKLILNGKTLKVETTTEAVDAATAEKVFKQYANDNGVDGEWTYDDATKTFTVTE,-1.431217666
QYKLILNGKTLKWETTTEAVDAATAEKVFKQYANDNGVDGEWTYDDATKTFTVTE,-1.297543902
QYKLILNGKTLKYETTTEAVDAATAEKVFKQYANDNGVDGEWTYDDATKTFTVTE,-1.786520882
QYKLILNGKTLKGATTTEAVDAATAEKVFKQYANDNGVDGEWTYDDATKTFTVTE,-0.109537498
QYKLILNGKTLKGCTTTEAVDAATAEKVFKQYANDNGVDGEWTYDDATKTFTVTE,0.212282195
QYKLILNGKTLKGDTTTEAVDAATAEKVFKQYANDNGVDGEWTYDDATKTFTVTE,-0.490610207
QYKLILNGKTLKGFTTTEAVDAATAEKVFKQYANDNGVDGEWTYDDATKTFTVTE,0.212094109
QYKLILNGKTLKGGTTTEAVDAATAEKVFKQYANDNGVDGEWTYDDATKTFTVTE,-0.68287586
QYKLILNGKTLKGHTTTEAVDAATAEKVFKQYANDNGVDGEWTYDDATKTFTVTE,0.523584959
QYKLILNGKTLKGITTTEAVDAATAEKVFKQYANDNGVDGEWTYDDATKTFTVTE,0.334505948
QYKLILNGKTLKGKTTTEAVDAATAEKVFKQYANDNGVDGEWTYDDATKTFTVTE,0.071269123
QYKLILNGKTLKGLTTTEAVDAATAEKVFKQYANDNGVDGEWTYDDATKTFTVTE,-0.033037078
QYKLILNGKTLKGMTTTEAVDAATAEKVFKQYANDNGVDGEWTYDDATKTFTVTE,-0.180203119
QYKLILNGKTLKGNTTTEAVDAATAEKVFKQYANDNGVDGEWTYDDATKTFTVTE,-0.201130519
QYKLILNGKTLKGPTTTEAVDAATAEKVFKQYANDNGVDGEWTYDDATKTFTVTE,-1.546361871
QYKLILNGKTLKGQTTTEAVDAATAEKVFKQYANDNGVDGEWTYDDATKTFTVTE,0.315928165
QYKLILNGKTLKGRTTTEAVDAATAEKVFKQYANDNGVDGEWTYDDATKTFTVTE,0.357677973
QYKLILNGKTLKGSTTTEAVDAATAEKVFKQYANDNGVDGEWTYDDATKTFTVTE,0.425846952
QYKLILNGKTLKGTTTTEAVDAATAEKVFKQYANDNGVDGEWTYDDATKTFTVTE,0.385567486
QYKLILNGKTLKGVTTTEAVDAATAEKVFKQYANDNGVDGEWTYDDATKTFTVTE,0.395290009
QYKLILNGKTLKGWTTTEAVDAATAEKVFKQYANDNGVDGEWTYDDATKTFTVTE,0.372486966
QYKLILNGKTLKGYTTTEAVDAATAEKVFKQYANDNGVDGEWTYDDATKTFTVTE,0.508592339
QYKLILNGKTLKGEATTEAVDAATAEKVFKQYANDNGVDGEWTYDDATKTFTVTE,-0.818155198
QYKLILNGKTLKGECTTEAVDAATAEKVFKQYANDNGVDGEWTYDDATKTFTVTE,-0.61552502
QYKLILNGKTLKGEDTTEAVDAATAEKVFKQYANDNGVDGEWTYDDATKTFTVTE,-1.510393901
QYKLILNGKTLKGEETTEAVDAATAEKVFKQYANDNGVDGEWTYDDATKTFTVTE,-0.776136098
QYKLILNGKTLKGEFTTEAVDAATAEKVFKQYANDNGVDGEWTYDDATKTFTVTE,-0.937848873
QYKLILNGKTLKGEGTTEAVDAATAEKVFKQYANDNGVDGEWTYDDATKTFTVTE,-0.763670499
QYKLILNGKTLKGEHTTEAVDAATAEKVFKQYANDNGVDGEWTYDDATKTFTVTE,-0.611347368
QYKLILNGKTLKGEITTEAVDAATAEKVFKQYANDNGVDGEWTYDDATKTFTVTE,-0.178524938
QYKLILNGKTLKGEKTTEAVDAATAEKVFKQYANDNGVDGEWTYDDATKTFTVTE,-0.197671562
QYKLILNGKTLKGELTTEAVDAATAEKVFKQYANDNGVDGEWTYDDATKTFTVTE,-0.272424795
QYKLILNGKTLKGEMTTEAVDAATAEKVFKQYANDNGVDGEWTYDDATKTFTVTE,-0.615789124
QYKLILNGKTLKGENTTEAVDAATAEKVFKQYANDNGVDGEWTYDDATKTFTVTE,-0.793849899
QYKLILNGKTLKGEPTTEAVDAATAEKVFKQYANDNGVDGEWTYDDATKTFTVTE,-0.861295933
QYKLILNGKTLKGEQTTEAVDAATAEKVFKQYANDNGVDGEWTYDDATKTFTVTE,-0.362010281
QYKLILNGKTLKGERTTEAVDAATAEKVFKQYANDNGVDGEWTYDDATKTFTVTE,0.004342057
QYKLILNGKTLKGESTTEAVDAATAEKVFKQYANDNGVDGEWTYDDATKTFTVTE,-0.572847776
QYKLILNGKTLKGEVTTEAVDAATAEKVFKQYANDNGVDGEWTYDDATKTFTVTE,-0.303617692
QYKLILNGKTLKGEWTTEAVDAATAEKVFKQYANDNGVDGEWTYDDATKTFTVTE,-1.192612528
QYKLILNGKTLKGEYTTEAVDAATAEKVFKQYANDNGVDGEWTYDDATKTFTVTE,-0.941766282
QYKLILNGKTLKGETATEAVDAATAEKVFKQYANDNGVDGEWTYDDATKTFTVTE,0.206214436
QYKLILNGKTLKGETCTEAVDAATAEKVFKQYANDNGVDGEWTYDDATKTFTVTE,0.1101933
QYKLILNGKTLKGETDTEAVDAATAEKVFKQYANDNGVDGEWTYDDATKTFTVTE,-0.827604945
QYKLILNGKTLKGETETEAVDAATAEKVFKQYANDNGVDGEWTYDDATKTFTVTE,-0.333847627
QYKLILNGKTLKGETFTEAVDAATAEKVFKQYANDNGVDGEWTYDDATKTFTVTE,0.099966526
QYKLILNGKTLKGETGTEAVDAATAEKVFKQYANDNGVDGEWTYDDATKTFTVTE,0.629417362
QYKLILNGKTLKGETHTEAVDAATAEKVFKQYANDNGVDGEWTYDDATKTFTVTE,0.294367762
QYKLILNGKTLKGETITEAVDAATAEKVFKQYANDNGVDGEWTYDDATKTFTVTE,-0.324207182
QYKLILNGKTLKGETKTEAVDAATAEKVFKQYANDNGVDGEWTYDDATKTFTVTE,0.028362308
QYKLILNGKTLKGETLTEAVDAATAEKVFKQYANDNGVDGEWTYDDATKTFTVTE,-0.168117391
QYKLILNGKTLKGETMTEAVDAATAEKVFKQYANDNGVDGEWTYDDATKTFTVTE,-0.06370269
QYKLILNGKTLKGETNTEAVDAATAEKVFKQYANDNGVDGEWTYDDATKTFTVTE,-0.253846556
QYKLILNGKTLKGETPTEAVDAATAEKVFKQYANDNGVDGEWTYDDATKTFTVTE,-1.047443952
QYKLILNGKTLKGETQTEAVDAATAEKVFKQYANDNGVDGEWTYDDATKTFTVTE,0.089695292
QYKLILNGKTLKGETRTEAVDAATAEKVFKQYANDNGVDGEWTYDDATKTFTVTE,0.3633185
QYKLILNGKTLKGETSTEAVDAATAEKVFKQYANDNGVDGEWTYDDATKTFTVTE,0.144946836
QYKLILNGKTLKGETVTEAVDAATAEKVFKQYANDNGVDGEWTYDDATKTFTVTE,-0.25431084
QYKLILNGKTLKGETWTEAVDAATAEKVFKQYANDNGVDGEWTYDDATKTFTVTE,0.374504621
QYKLILNGKTLKGETYTEAVDAATAEKVFKQYANDNGVDGEWTYDDATKTFTVTE,0.106801112
QYKLILNGKTLKGETTAEAVDAATAEKVFKQYANDNGVDGEWTYDDATKTFTVTE,0.102168768
QYKLILNGKTLKGETTCEAVDAATAEKVFKQYANDNGVDGEWTYDDATKTFTVTE,0.168454678
QYKLILNGKTLKGETTDEAVDAATAEKVFKQYANDNGVDGEWTYDDATKTFTVTE,-1.285111575
QYKLILNGKTLKGETTEEAVDAATAEKVFKQYANDNGVDGEWTYDDATKTFTVTE,-1.340703139
QYKLILNGKTLKGETTFEAVDAATAEKVFKQYANDNGVDGEWTYDDATKTFTVTE,-0.083550827
QYKLILNGKTLKGETTGEAVDAATAEKVFKQYANDNGVDGEWTYDDATKTFTVTE,-0.435996083
QYKLILNGKTLKGETTHEAVDAATAEKVFKQYANDNGVDGEWTYDDATKTFTVTE,0.020013066
QYKLILNGKTLKGETTIEAVDAATAEKVFKQYANDNGVDGEWTYDDATKTFTVTE,-0.151887346
QYKLILNGKTLKGETTKEAVDAATAEKVFKQYANDNGVDGEWTYDDATKTFTVTE,0.129755824
QYKLILNGKTLKGETTLEAVDAATAEKVFKQYANDNGVDGEWTYDDATKTFTVTE,-0.530789419
QYKLILNGKTLKGETTMEAVDAATAEKVFKQYANDNGVDGEWTYDDATKTFTVTE,-1.026576942
QYKLILNGKTLKGETTNEAVDAATAEKVFKQYANDNGVDGEWTYDDATKTFTVTE,-0.210181606
QYKLILNGKTLKGETTPEAVDAATAEKVFKQYANDNGVDGEWTYDDATKTFTVTE,-3.221523908
QYKLILNGKTLKGETTQEAVDAATAEKVFKQYANDNGVDGEWTYDDATKTFTVTE,-0.389594957
QYKLILNGKTLKGETTREAVDAATAEKVFKQYANDNGVDGEWTYDDATKTFTVTE,0.183685803
QYKLILNGKTLKGETTSEAVDAATAEKVFKQYANDNGVDGEWTYDDATKTFTVTE,-0.053744757
QYKLILNGKTLKGETTVEAVDAATAEKVFKQYANDNGVDGEWTYDDATKTFTVTE,0.140489789
QYKLILNGKTLKGETTWEAVDAATAEKVFKQYANDNGVDGEWTYDDATKTFTVTE,-0.017570706
QYKLILNGKTLKGETTYEAVDAATAEKVFKQYANDNGVDGEWTYDDATKTFTVTE,-0.03586338
QYKLILNGKTLKGETTTAAVDAATAEKVFKQYANDNGVDGEWTYDDATKTFTVTE,0.379078722
QYKLILNGKTLKGETTTCAVDAATAEKVFKQYANDNGVDGEWTYDDATKTFTVTE,0.29194019
QYKLILNGKTLKGETTTDAVDAATAEKVFKQYANDNGVDGEWTYDDATKTFTVTE,0.173294926
QYKLILNGKTLKGETTTFAVDAATAEKVFKQYANDNGVDGEWTYDDATKTFTVTE,0.446202102
QYKLILNGKTLKGETTTGAVDAATAEKVFKQYANDNGVDGEWTYDDATKTFTVTE,0.343484612
QYKLILNGKTLKGETTTHAVDAATAEKVFKQYANDNGVDGEWTYDDATKTFTVTE,0.397969042
QYKLILNGKTLKGETTTIAVDAATAEKVFKQYANDNGVDGEWTYDDATKTFTVTE,0.460603747
QYKLILNGKTLKGETTTKAVDAATAEKVFKQYANDNGVDGEWTYDDATKTFTVTE,0.443442847
QYKLILNGKTLKGETTTLAVDAATAEKVFKQYANDNGVDGEWTYDDATKTFTVTE,0.435138258
QYKLILNGKTLKGETTTMAVDAATAEKVFKQYANDNGVDGEWTYDDATKTFTVTE,0.160737109
QYKLILNGKTLKGETTTNAVDAATAEKVFKQYANDNGVDGEWTYDDATKTFTVTE,0.410116455
QYKLILNGKTLKGETTTPAVDAATAEKVFKQYANDNGVDGEWTYDDATKTFTVTE,0.420866099
QYKLILNGKTLKGETTTQAVDAATAEKVFKQYANDNGVDGEWTYDDATKTFTVTE,0.394512622
QYKLILNGKTLKGETTTRAVDAATAEKVFKQYANDNGVDGEWTYDDATKTFTVTE,0.480594324
QYKLILNGKTLKGETTTSAVDAATAEKVFKQYANDNGVDGEWTYDDATKTFTVTE,0.337933161
QYKLILNGKTLKGETTTTAVDAATAEKVFKQYANDNGVDGEWTYDDATKTFTVTE,0.336546493
QYKLILNGKTLKGETTTVAVDAATAEKVFKQYANDNGVDGEWTYDDATKTFTVTE,0.455726906
QYKLILNGKTLKGETTTWAVDAATAEKVFKQYANDNGVDGEWTYDDATKTFTVTE,0.445530829
QYKLILNGKTLKGETTTYAVDAATAEKVFKQYANDNGVDGEWTYDDATKTFTVTE,0.423675362
QYKLILNGKTLKGETTTECVDAATAEKVFKQYANDNGVDGEWTYDDATKTFTVTE,-0.115074451
QYKLILNGKTLKGETTTEDVDAATAEKVFKQYANDNGVDGEWTYDDATKTFTVTE,-1.273582434
QYKLILNGKTLKGETTTEEVDAATAEKVFKQYANDNGVDGEWTYDDATKTFTVTE,-0.913148759
QYKLILNGKTLKGETTTEFVDAATAEKVFKQYANDNGVDGEWTYDDATKTFTVTE,-1.414278295
QYKLILNGKTLKGETTTEGVDAATAEKVFKQYANDNGVDGEWTYDDATKTFTVTE,-0.0820817
QYKLILNGKTLKGETTTEHVDAATAEKVFKQYANDNGVDGEWTYDDATKTFTVTE,-0.518497786
QYKLILNGKTLKGETTTEIVDAATAEKVFKQYANDNGVDGEWTYDDATKTFTVTE,-1.102147669
QYKLILNGKTLKGETTTEKVDAATAEKVFKQYANDNGVDGEWTYDDATKTFTVTE,0.494870652
QYKLILNGKTLKGETTTELVDAATAEKVFKQYANDNGVDGEWTYDDATKTFTVTE,-0.917453872
QYKLILNGKTLKGETTTEMVDAATAEKVFKQYANDNGVDGEWTYDDATKTFTVTE,-0.621081972
QYKLILNGKTLKGETTTENVDAATAEKVFKQYANDNGVDGEWTYDDATKTFTVTE,-0.238004273
QYKLILNGKTLKGETTTEPVDAATAEKVFKQYANDNGVDGEWTYDDATKTFTVTE,-1.183742375
QYKLILNGKTLKGETTTEQVDAATAEKVFKQYANDNGVDGEWTYDDATKTFTVTE,-0.118684692
QYKLILNGKTLKGETTTERVDAATAEKVFKQYANDNGVDGEWTYDDATKTFTVTE,0.863818839
QYKLILNGKTLKGETTTESVDAATAEKVFKQYANDNGVDGEWTYDDATKTFTVTE,0.115994252
QYKLILNGKTLKGETTTETVDAATAEKVFKQYANDNGVDGEWTYDDATKTFTVTE,0.085816188
QYKLILNGKTLKGETTTEVVDAATAEKVFKQYANDNGVDGEWTYDDATKTFTVTE,0.059862332
QYKLILNGKTLKGETTTEWVDAATAEKVFKQYANDNGVDGEWTYDDATKTFTVTE,-0.929062313
QYKLILNGKTLKGETTTEYVDAATAEKVFKQYANDNGVDGEWTYDDATKTFTVTE,-1.163389651
QYKLILNGKTLKGETTTEAADAATAEKVFKQYANDNGVDGEWTYDDATKTFTVTE,-0.011530992
QYKLILNGKTLKGETTTEACDAATAEKVFKQYANDNGVDGEWTYDDATKTFTVTE,0.096950824
QYKLILNGKTLKGETTTEADDAATAEKVFKQYANDNGVDGEWTYDDATKTFTVTE,-0.292330773
QYKLILNGKTLKGETTTEAEDAATAEKVFKQYANDNGVDGEWTYDDATKTFTVTE,-0.417742595
QYKLILNGKTLKGETTTEAFDAATAEKVFKQYANDNGVDGEWTYDDATKTFTVTE,0.30606149
QYKLILNGKTLKGETTTEAGDAATAEKVFKQYANDNGVDGEWTYDDATKTFTVTE,0.113080235
QYKLILNGKTLKGETTTEAHDAATAEKVFKQYANDNGVDGEWTYDDATKTFTVTE,0.074202128
QYKLILNGKTLKGETTTEAIDAATAEKVFKQYANDNGVDGEWTYDDATKTFTVTE,0.141564535
QYKLILNGKTLKGETTTEAKDAATAEKVFKQYANDNGVDGEWTYDDATKTFTVTE,-0.007204129
QYKLILNGKTLKGETTTEALDAATAEKVFKQYANDNGVDGEWTYDDATKTFTVTE,0.024798205
QYKLILNGKTLKGETTTEAMDAATAEKVFKQYANDNGVDGEWTYDDATKTFTVTE,-0.26895185
QYKLILNGKTLKGETTTEANDAATAEKVFKQYANDNGVDGEWTYDDATKTFTVTE,0.104630028
QYKLILNGKTLKGETTTEAPDAATAEKVFKQYANDNGVDGEWTYDDATKTFTVTE,-0.086549029
QYKLILNGKTLKGETTTEAQDAATAEKVFKQYANDNGVDGEWTYDDATKTFTVTE,-0.02527079
QYKLILNGKTLKGETTTEARDAATAEKVFKQYANDNGVDGEWTYDDATKTFTVTE,0.437426219
QYKLILNGKTLKGETTTEASDAATAEKVFKQYANDNGVDGEWTYDDATKTFTVTE,-0.001818675
QYKLILNGKTLKGETTTEATDAATAEKVFKQYANDNGVDGEWTYDDATKTFTVTE,-0.049069386
QYKLILNGKTLKGETTTEAWDAATAEKVFKQYANDNGVDGEWTYDDATKTFTVTE,0.370827311
QYKLILNGKTLKGETTTEAYDAATAEKVFKQYANDNGVDGEWTYDDATKTFTVTE,0.308996581
QYKLILNGKTLKGETTTEAVAAATAEKVFKQYANDNGVDGEWTYDDATKTFTVTE,0.50487429
QYKLILNGKTLKGETTTEAVCAATAEKVFKQYANDNGVDGEWTYDDATKTFTVTE,0.36571732
QYKLILNGKTLKGETTTEAVEAATAEKVFKQYANDNGVDGEWTYDDATKTFTVTE,0.445803157
QYKLILNGKTLKGETTTEAVFAATAEKVFKQYANDNGVDGEWTYDDATKTFTVTE,0.350402566
QYKLILNGKTLKGETTTEAVGAATAEKVFKQYANDNGVDGEWTYDDATKTFTVTE,0.394832106
QYKLILNGKTLKGETTTEAVHAATAEKVFKQYANDNGVDGEWTYDDATKTFTVTE,0.351355124
QYKLILNGKTLKGETTTEAVIAATAEKVFKQYANDNGVDGEWTYDDATKTFTVTE,0.363637296
QYKLILNGKTLKGETTTEAVKAATAEKVFKQYANDNGVDGEWTYDDATKTFTVTE,0.059079172
QYKLILNGKTLKGETTTEAVLAATAEKVFKQYANDNGVDGEWTYDDATKTFTVTE,0.395969739
QYKLILNGKTLKGETTTEAVMAATAEKVFKQYANDNGVDGEWTYDDATKTFTVTE,0.151670039
QYKLILNGKTLKGETTTEAVNAATAEKVFKQYANDNGVDGEWTYDDATKTFTVTE,0.223325141
QYKLILNGKTLKGETTTEAVPAATAEKVFKQYANDNGVDGEWTYDDATKTFTVTE,0.016183411
QYKLILNGKTLKGETTTEAVQAATAEKVFKQYANDNGVDGEWTYDDATKTFTVTE,0.454092887
QYKLILNGKTLKGETTTEAVRAATAEKVFKQYANDNGVDGEWTYDDATKTFTVTE,0.218226308
QYKLILNGKTLKGETTTEAVSAATAEKVFKQYANDNGVDGEWTYDDATKTFTVTE,0.224438444
QYKLILNGKTLKGETTTEAVTAATAEKVFKQYANDNGVDGEWTYDDATKTFTVTE,0.33187263
QYKLILNGKTLKGETTTEAVVAATAEKVFKQYANDNGVDGEWTYDDATKTFTVTE,0.434899518
QYKLILNGKTLKGETTTEAVWAATAEKVFKQYANDNGVDGEWTYDDATKTFTVTE,0.494824087
QYKLILNGKTLKGETTTEAVYAATAEKVFKQYANDNGVDGEWTYDDATKTFTVTE,0.350222914
QYKLILNGKTLKGETTTEAVDCATAEKVFKQYANDNGVDGEWTYDDATKTFTVTE,-1.064686277
QYKLILNGKTLKGETTTEAVDDATAEKVFKQYANDNGVDGEWTYDDATKTFTVTE,-0.901573772
QYKLILNGKTLKGETTTEAVDEATAEKVFKQYANDNGVDGEWTYDDATKTFTVTE,-1.325871606
QYKLILNGKTLKGETTTEAVDFATAEKVFKQYANDNGVDGEWTYDDATKTFTVTE,-4.605170186
QYKLILNGKTLKGETTTEAVDGATAEKVFKQYANDNGVDGEWTYDDATKTFTVTE,-0.665736655
QYKLILNGKTLKGETTTEAVDHATAEKVFKQYANDNGVDGEWTYDDATKTFTVTE,-2.640233036
QYKLILNGKTLKGETTTEAVDIATAEKVFKQYANDNGVDGEWTYDDATKTFTVTE,-2.463929697
QYKLILNGKTLKGETTTEAVDKATAEKVFKQYANDNGVDGEWTYDDATKTFTVTE,-2.756625272
QYKLILNGKTLKGETTTEAVDLATAEKVFKQYANDNGVDGEWTYDDATKTFTVTE,-2.484679316
QYKLILNGKTLKGETTTEAVDMATAEKVFKQYANDNGVDGEWTYDDATKTFTVTE,-3.332568749
QYKLILNGKTLKGETTTEAVDNATAEKVFKQYANDNGVDGEWTYDDATKTFTVTE,-0.585644727
QYKLILNGKTLKGETTTEAVDPATAEKVFKQYANDNGVDGEWTYDDATKTFTVTE,0.072624392
QYKLILNGKTLKGETTTEAVDQATAEKVFKQYANDNGVDGEWTYDDATKTFTVTE,-2.499030212
QYKLILNGKTLKGETTTEAVDRATAEKVFKQYANDNGVDGEWTYDDATKTFTVTE,-2.815994165
QYKLILNGKTLKGETTTEAVDSATAEKVFKQYANDNGVDGEWTYDDATKTFTVTE,-0.156927708
QYKLILNGKTLKGETTTEAVDTATAEKVFKQYANDNGVDGEWTYDDATKTFTVTE,-1.068315251
QYKLILNGKTLKGETTTEAVDVATAEKVFKQYANDNGVDGEWTYDDATKTFTVTE,-1.372200553
QYKLILNGKTLKGETTTEAVDWATAEKVFKQYANDNGVDGEWTYDDATKTFTVTE,-4.605170186
QYKLILNGKTLKGETTTEAVDYATAEKVFKQYANDNGVDGEWTYDDATKTFTVTE,-4.605170186
QYKLILNGKTLKGETTTEAVDACTAEKVFKQYANDNGVDGEWTYDDATKTFTVTE,0.667222036
QYKLILNGKTLKGETTTEAVDADTAEKVFKQYANDNGVDGEWTYDDATKTFTVTE,0.069986364
QYKLILNGKTLKGETTTEAVDAETAEKVFKQYANDNGVDGEWTYDDATKTFTVTE,1.259759589
QYKLILNGKTLKGETTTEAVDAFTAEKVFKQYANDNGVDGEWTYDDATKTFTVTE,1.295311828
QYKLILNGKTLKGETTTEAVDAGTAEKVFKQYANDNGVDGEWTYDDATKTFTVTE,0.900998095
QYKLILNGKTLKGETTTEAVDAHTAEKVFKQYANDNGVDGEWTYDDATKTFTVTE,1.313726708
QYKLILNGKTLKGETTTEAVDAITAEKVFKQYANDNGVDGEWTYDDATKTFTVTE,0.380042815
QYKLILNGKTLKGETTTEAVDAKTAEKVFKQYANDNGVDGEWTYDDATKTFTVTE,-1.85230881
QYKLILNGKTLKGETTTEAVDALTAEKVFKQYANDNGVDGEWTYDDATKTFTVTE,0.265393438
QYKLILNGKTLKGETTTEAVDAMTAEKVFKQYANDNGVDGEWTYDDATKTFTVTE,0.764784722
QYKLILNGKTLKGETTTEAVDANTAEKVFKQYANDNGVDGEWTYDDATKTFTVTE,0.893232388
QYKLILNGKTLKGETTTEAVDAPTAEKVFKQYANDNGVDGEWTYDDATKTFTVTE,1.24359084
QYKLILNGKTLKGETTTEAVDAQTAEKVFKQYANDNGVDGEWTYDDATKTFTVTE,1.029625687
QYKLILNGKTLKGETTTEAVDARTAEKVFKQYANDNGVDGEWTYDDATKTFTVTE,-0.745617354
QYKLILNGKTLKGETTTEAVDASTAEKVFKQYANDNGVDGEWTYDDATKTFTVTE,0.735177973
QYKLILNGKTLKGETTTEAVDATTAEKVFKQYANDNGVDGEWTYDDATKTFTVTE,0.889081909
QYKLILNGKTLKGETTTEAVDAVTAEKVFKQYANDNGVDGEWTYDDATKTFTVTE,0.490219755
QYKLILNGKTLKGETTTEAVDAWTAEKVFKQYANDNGVDGEWTYDDATKTFTVTE,1.455861697
QYKLILNGKTLKGETTTEAVDAYTAEKVFKQYANDNGVDGEWTYDDATKTFTVTE,1.613801262
QYKLILNGKTLKGETTTEAVDAAAAEKVFKQYANDNGVDGEWTYDDATKTFTVTE,0.147020502
QYKLILNGKTLKGETTTEAVDAACAEKVFKQYANDNGVDGEWTYDDATKTFTVTE,0.340008573
QYKLILNGKTLKGETTTEAVDAADAEKVFKQYANDNGVDGEWTYDDATKTFTVTE,-0.973188281
QYKLILNGKTLKGETTTEAVDAAEAEKVFKQYANDNGVDGEWTYDDATKTFTVTE,-1.042929771
QYKLILNGKTLKGETTTEAVDAAFAEKVFKQYANDNGVDGEWTYDDATKTFTVTE,0.583172541
QYKLILNGKTLKGETTTEAVDAAGAEKVFKQYANDNGVDGEWTYDDATKTFTVTE,-0.071613115
QYKLILNGKTLKGETTTEAVDAAHAEKVFKQYANDNGVDGEWTYDDATKTFTVTE,0.348477686
QYKLILNGKTLKGETTTEAVDAAIAEKVFKQYANDNGVDGEWTYDDATKTFTVTE,0.412746964
QYKLILNGKTLKGETTTEAVDAAKAEKVFKQYANDNGVDGEWTYDDATKTFTVTE,0.208711468
QYKLILNGKTLKGETTTEAVDAALAEKVFKQYANDNGVDGEWTYDDATKTFTVTE,0.116818386
QYKLILNGKTLKGETTTEAVDAAMAEKVFKQYANDNGVDGEWTYDDATKTFTVTE,0.718272107
QYKLILNGKTLKGETTTEAVDAANAEKVFKQYANDNGVDGEWTYDDATKTFTVTE,-0.051387017
QYKLILNGKTLKGETTTEAVDAAPAEKVFKQYANDNGVDGEWTYDDATKTFTVTE,0.179247844
QYKLILNGKTLKGETTTEAVDAAQAEKVFKQYANDNGVDGEWTYDDATKTFTVTE,0.500039921
QYKLILNGKTLKGETTTEAVDAARAEKVFKQYANDNGVDGEWTYDDATKTFTVTE,0.859776669
QYKLILNGKTLKGETTTEAVDAASAEKVFKQYANDNGVDGEWTYDDATKTFTVTE,0.389584164
QYKLILNGKTLKGETTTEAVDAAVAEKVFKQYANDNGVDGEWTYDDATKTFTVTE,-0.050946763
QYKLILNGKTLKGETTTEAVDAAWAEKVFKQYANDNGVDGEWTYDDATKTFTVTE,0.775085203
QYKLILNGKTLKGETTTEAVDAAYAEKVFKQYANDNGVDGEWTYDDATKTFTVTE,0.148715556
QYKLILNGKTLKGETTTEAVDAATCEKVFKQYANDNGVDGEWTYDDATKTFTVTE,-0.306220714
QYKLILNGKTLKGETTTEAVDAATDEKVFKQYANDNGVDGEWTYDDATKTFTVTE,-4.605170186
QYKLILNGKTLKGETTTEAVDAATEEKVFKQYANDNGVDGEWTYDDATKTFTVTE,-4.605170186
QYKLILNGKTLKGETTTEAVDAATFEKVFKQYANDNGVDGEWTYDDATKTFTVTE,-4.605170186
QYKLILNGKTLKGETTTEAVDAATGEKVFKQYANDNGVDGEWTYDDATKTFTVTE,0.142375407
QYKLILNGKTLKGETTTEAVDAATHEKVFKQYANDNGVDGEWTYDDATKTFTVTE,-4.605170186
QYKLILNGKTLKGETTTEAVDAATIEKVFKQYANDNGVDGEWTYDDATKTFTVTE,-1.903490088
QYKLILNGKTLKGETTTEAVDAATKEKVFKQYANDNGVDGEWTYDDATKTFTVTE,-4.605170186
QYKLILNGKTLKGETTTEAVDAATLEKVFKQYANDNGVDGEWTYDDATKTFTVTE,-4.595921515
QYKLILNGKTLKGETTTEAVDAATMEKVFKQYANDNGVDGEWTYDDATKTFTVTE,-2.104284163
QYKLILNGKTLKGETTTEAVDAATNEKVFKQYANDNGVDGEWTYDDATKTFTVTE,-4.254410706
QYKLILNGKTLKGETTTEAVDAATPEKVFKQYANDNGVDGEWTYDDATKTFTVTE,-1.45460555
QYKLILNGKTLKGETTTEAVDAATQEKVFKQYANDNGVDGEWTYDDATKTFTVTE,-2.76441556
QYKLILNGKTLKGETTTEAVDAATREKVFKQYANDNGVDGEWTYDDATKTFTVTE,-4.605170186
QYKLILNGKTLKGETTTEAVDAATSEKVFKQYANDNGVDGEWTYDDATKTFTVTE,0.038944469
QYKLILNGKTLKGETTTEAVDAATTEKVFKQYANDNGVDGEWTYDDATKTFTVTE,-0.81904029
QYKLILNGKTLKGETTTEAVDAATVEKVFKQYANDNGVDGEWTYDDATKTFTVTE,-1.125508155
QYKLILNGKTLKGETTTEAVDAATWEKVFKQYANDNGVDGEWTYDDATKTFTVTE,-3.693669051
QYKLILNGKTLKGETTTEAVDAATYEKVFKQYANDNGVDGEWTYDDATKTFTVTE,-4.605170186
QYKLILNGKTLKGETTTEAVDAATAAKVFKQYANDNGVDGEWTYDDATKTFTVTE,-4.605170186
QYKLILNGKTLKGETTTEAVDAATACKVFKQYANDNGVDGEWTYDDATKTFTVTE,-4.605170186
QYKLILNGKTLKGETTTEAVDAATADKVFKQYANDNGVDGEWTYDDATKTFTVTE,-4.605170186
QYKLILNGKTLKGETTTEAVDAATAFKVFKQYANDNGVDGEWTYDDATKTFTVTE,-4.605170186
QYKLILNGKTLKGETTTEAVDAATAGKVFKQYANDNGVDGEWTYDDATKTFTVTE,-4.605170186
QYKLILNGKTLKGETTTEAVDAATAHKVFKQYANDNGVDGEWTYDDATKTFTVTE,-4.605170186
QYKLILNGKTLKGETTTEAVDAATAIKVFKQYANDNGVDGEWTYDDATKTFTVTE,-4.605170186
QYKLILNGKTLKGETTTEAVDAATAKKVFKQYANDNGVDGEWTYDDATKTFTVTE,-4.605170186
QYKLILNGKTLKGETTTEAVDAATALKVFKQYANDNGVDGEWTYDDATKTFTVTE,-4.605170186
QYKLILNGKTLKGETTTEAVDAATAMKVFKQYANDNGVDGEWTYDDATKTFTVTE,-4.605170186
QYKLILNGKTLKGETTTEAVDAATANKVFKQYANDNGVDGEWTYDDATKTFTVTE,-4.605170186
QYKLILNGKTLKGETTTEAVDAATAPKVFKQYANDNGVDGEWTYDDATKTFTVTE,-4.605170186
QYKLILNGKTLKGETTTEAVDAATAQKVFKQYANDNGVDGEWTYDDATKTFTVTE,-4.605170186
QYKLILNGKTLKGETTTEAVDAATARKVFKQYANDNGVDGEWTYDDATKTFTVTE,-4.605170186
QYKLILNGKTLKGETTTEAVDAATASKVFKQYANDNGVDGEWTYDDATKTFTVTE,-4.605170186
QYKLILNGKTLKGETTTEAVDAATATKVFKQYANDNGVDGEWTYDDATKTFTVTE,-4.605170186
QYKLILNGKTLKGETTTEAVDAATAVKVFKQYANDNGVDGEWTYDDATKTFTVTE,-4.605170186
QYKLILNGKTLKGETTTEAVDAATAWKVFKQYANDNGVDGEWTYDDATKTFTVTE,-4.605170186
QYKLILNGKTLKGETTTEAVDAATAYKVFKQYANDNGVDGEWTYDDATKTFTVTE,-4.605170186
QYKLILNGKTLKGETTTEAVDAATAEAVFKQYANDNGVDGEWTYDDATKTFTVTE,-2.993877543
QYKLILNGKTLKGETTTEAVDAATAECVFKQYANDNGVDGEWTYDDATKTFTVTE,-1.995014883
QYKLILNGKTLKGETTTEAVDAATAEDVFKQYANDNGVDGEWTYDDATKTFTVTE,-4.605170186
QYKLILNGKTLKGETTTEAVDAATAEEVFKQYANDNGVDGEWTYDDATKTFTVTE,-4.605170186
QYKLILNGKTLKGETTTEAVDAATAEFVFKQYANDNGVDGEWTYDDATKTFTVTE,-1.974628257
QYKLILNGKTLKGETTTEAVDAATAEGVFKQYANDNGVDGEWTYDDATKTFTVTE,-3.038221776
QYKLILNGKTLKGETTTEAVDAATAEHVFKQYANDNGVDGEWTYDDATKTFTVTE,-2.305296705
QYKLILNGKTLKGETTTEAVDAATAEIVFKQYANDNGVDGEWTYDDATKTFTVTE,-1.264438838
QYKLILNGKTLKGETTTEAVDAATAELVFKQYANDNGVDGEWTYDDATKTFTVTE,-1.63234892
QYKLILNGKTLKGETTTEAVDAATAEMVFKQYANDNGVDGEWTYDDATKTFTVTE,-2.046851062
QYKLILNGKTLKGETTTEAVDAATAENVFKQYANDNGVDGEWTYDDATKTFTVTE,-3.14811865
QYKLILNGKTLKGETTTEAVDAATAEPVFKQYANDNGVDGEWTYDDATKTFTVTE,-2.611772249
QYKLILNGKTLKGETTTEAVDAATAEQVFKQYANDNGVDGEWTYDDATKTFTVTE,-2.945634472
QYKLILNGKTLKGETTTEAVDAATAERVFKQYANDNGVDGEWTYDDATKTFTVTE,-0.849896835
QYKLILNGKTLKGETTTEAVDAATAESVFKQYANDNGVDGEWTYDDATKTFTVTE,-3.209557146
QYKLILNGKTLKGETTTEAVDAATAETVFKQYANDNGVDGEWTYDDATKTFTVTE,-2.379836481
QYKLILNGKTLKGETTTEAVDAATAEVVFKQYANDNGVDGEWTYDDATKTFTVTE,-1.767010368
QYKLILNGKTLKGETTTEAVDAATAEWVFKQYANDNGVDGEWTYDDATKTFTVTE,-3.223411242
QYKLILNGKTLKGETTTEAVDAATAEYVFKQYANDNGVDGEWTYDDATKTFTVTE,-3.114474626
QYKLILNGKTLKGETTTEAVDAATAEKAFKQYANDNGVDGEWTYDDATKTFTVTE,0.293223112
QYKLILNGKTLKGETTTEAVDAATAEKCFKQYANDNGVDGEWTYDDATKTFTVTE,0.276190329
QYKLILNGKTLKGETTTEAVDAATAEKDFKQYANDNGVDGEWTYDDATKTFTVTE,-1.361244077
QYKLILNGKTLKGETTTEAVDAATAEKEFKQYANDNGVDGEWTYDDATKTFTVTE,-1.25256995
QYKLILNGKTLKGETTTEAVDAATAEKFFKQYANDNGVDGEWTYDDATKTFTVTE,0.002773431
QYKLILNGKTLKGETTTEAVDAATAEKGFKQYANDNGVDGEWTYDDATKTFTVTE,-0.032349149
QYKLILNGKTLKGETTTEAVDAATAEKHFKQYANDNGVDGEWTYDDATKTFTVTE,0.173147056
QYKLILNGKTLKGETTTEAVDAATAEKIFKQYANDNGVDGEWTYDDATKTFTVTE,0.259535546
QYKLILNGKTLKGETTTEAVDAATAEKKFKQYANDNGVDGEWTYDDATKTFTVTE,0.819625672
QYKLILNGKTLKGETTTEAVDAATAEKLFKQYANDNGVDGEWTYDDATKTFTVTE,0.243942894
QYKLILNGKTLKGETTTEAVDAATAEKMFKQYANDNGVDGEWTYDDATKTFTVTE,0.178284136
QYKLILNGKTLKGETTTEAVDAATAEKNFKQYANDNGVDGEWTYDDATKTFTVTE,0.369524443
QYKLILNGKTLKGETTTEAVDAATAEKPFKQYANDNGVDGEWTYDDATKTFTVTE,-2.18700124
QYKLILNGKTLKGETTTEAVDAATAEKQFKQYANDNGVDGEWTYDDATKTFTVTE,0.295413923
QYKLILNGKTLKGETTTEAVDAATAEKRFKQYANDNGVDGEWTYDDATKTFTVTE,0.990783722
QYKLILNGKTLKGETTTEAVDAATAEKSFKQYANDNGVDGEWTYDDATKTFTVTE,0.241834006
QYKLILNGKTLKGETTTEAVDAATAEKTFKQYANDNGVDGEWTYDDATKTFTVTE,0.232765548
QYKLILNGKTLKGETTTEAVDAATAEKWFKQYANDNGVDGEWTYDDATKTFTVTE,-0.274950699
QYKLILNGKTLKGETTTEAVDAATAEKYFKQYANDNGVDGEWTYDDATKTFTVTE,0.05575625
QYKLILNGKTLKGETTTEAVDAATAEKVAKQYANDNGVDGEWTYDDATKTFTVTE,-1.535406124
QYKLILNGKTLKGETTTEAVDAATAEKVCKQYANDNGVDGEWTYDDATKTFTVTE,-0.54829275
QYKLILNGKTLKGETTTEAVDAATAEKVDKQYANDNGVDGEWTYDDATKTFTVTE,-4.605170186
QYKLILNGKTLKGETTTEAVDAATAEKVEKQYANDNGVDGEWTYDDATKTFTVTE,-4.605170186
QYKLILNGKTLKGETTTEAVDAATAEKVGKQYANDNGVDGEWTYDDATKTFTVTE,-3.040122456
QYKLILNGKTLKGETTTEAVDAATAEKVHKQYANDNGVDGEWTYDDATKTFTVTE,-0.181668219
QYKLILNGKTLKGETTTEAVDAATAEKVIKQYANDNGVDGEWTYDDATKTFTVTE,-1.609149365
QYKLILNGKTLKGETTTEAVDAATAEKVKKQYANDNGVDGEWTYDDATKTFTVTE,-2.680238028
QYKLILNGKTLKGETTTEAVDAATAEKVLKQYANDNGVDGEWTYDDATKTFTVTE,-0.240511601
QYKLILNGKTLKGETTTEAVDAATAEKVMKQYANDNGVDGEWTYDDATKTFTVTE,-0.422951203
QYKLILNGKTLKGETTTEAVDAATAEKVNKQYANDNGVDGEWTYDDATKTFTVTE,-1.895941601
QYKLILNGKTLKGETTTEAVDAATAEKVPKQYANDNGVDGEWTYDDATKTFTVTE,-4.605170186
QYKLILNGKTLKGETTTEAVDAATAEKVQKQYANDNGVDGEWTYDDATKTFTVTE,-2.535853453
QYKLILNGKTLKGETTTEAVDAATAEKVRKQYANDNGVDGEWTYDDATKTFTVTE,-4.605170186
QYKLILNGKTLKGETTTEAVDAATAEKVSKQYANDNGVDGEWTYDDATKTFTVTE,-1.044460407
QYKLILNGKTLKGETTTEAVDAATAEKVTKQYANDNGVDGEWTYDDATKTFTVTE,-2.390510113
QYKLILNGKTLKGETTTEAVDAATAEKVVKQYANDNGVDGEWTYDDATKTFTVTE,-0.903721285
QYKLILNGKTLKGETTTEAVDAATAEKVWKQYANDNGVDGEWTYDDATKTFTVTE,-0.808853445
QYKLILNGKTLKGETTTEAVDAATAEKVYKQYANDNGVDGEWTYDDATKTFTVTE,-0.871084585
QYKLILNGKTLKGETTTEAVDAATAEKVFAQYANDNGVDGEWTYDDATKTFTVTE,-4.605170186
QYKLILNGKTLKGETTTEAVDAATAEKVFCQYANDNGVDGEWTYDDATKTFTVTE,-4.605170186
QYKLILNGKTLKGETTTEAVDAATAEKVFDQYANDNGVDGEWTYDDATKTFTVTE,-4.605170186
QYKLILNGKTLKGETTTEAVDAATAEKVFEQYANDNGVDGEWTYDDATKTFTVTE,-4.605170186
QYKLILNGKTLKGETTTEAVDAATAEKVFFQYANDNGVDGEWTYDDATKTFTVTE,-4.605170186
QYKLILNGKTLKGETTTEAVDAATAEKVFGQYANDNGVDGEWTYDDATKTFTVTE,-4.605170186
QYKLILNGKTLKGETTTEAVDAATAEKVFHQYANDNGVDGEWTYDDATKTFTVTE,-4.605170186
QYKLILNGKTLKGETTTEAVDAATAEKVFIQYANDNGVDGEWTYDDATKTFTVTE,-4.605170186
QYKLILNGKTLKGETTTEAVDAATAEKVFLQYANDNGVDGEWTYDDATKTFTVTE,-4.605170186
QYKLILNGKTLKGETTTEAVDAATAEKVFMQYANDNGVDGEWTYDDATKTFTVTE,-4.525600313
QYKLILNGKTLKGETTTEAVDAATAEKVFNQYANDNGVDGEWTYDDATKTFTVTE,-4.605170186
QYKLILNGKTLKGETTTEAVDAATAEKVFPQYANDNGVDGEWTYDDATKTFTVTE,-4.605170186
QYKLILNGKTLKGETTTEAVDAATAEKVFQQYANDNGVDGEWTYDDATKTFTVTE,-4.605170186
QYKLILNGKTLKGETTTEAVDAATAEKVFRQYANDNGVDGEWTYDDATKTFTVTE,-1.453610093
QYKLILNGKTLKGETTTEAVDAATAEKVFSQYANDNGVDGEWTYDDATKTFTVTE,-4.605170186
QYKLILNGKTLKGETTTEAVDAATAEKVFTQYANDNGVDGEWTYDDATKTFTVTE,-4.605170186
QYKLILNGKTLKGETTTEAVDAATAEKVFVQYANDNGVDGEWTYDDATKTFTVTE,-4.605170186
QYKLILNGKTLKGETTTEAVDAATAEKVFWQYANDNGVDGEWTYDDATKTFTVTE,-4.605170186
QYKLILNGKTLKGETTTEAVDAATAEKVFYQYANDNGVDGEWTYDDATKTFTVTE,-4.605170186
QYKLILNGKTLKGETTTEAVDAATAEKVFKAYANDNGVDGEWTYDDATKTFTVTE,-0.238370468
QYKLILNGKTLKGETTTEAVDAATAEKVFKCYANDNGVDGEWTYDDATKTFTVTE,-0.216838305
QYKLILNGKTLKGETTTEAVDAATAEKVFKDYANDNGVDGEWTYDDATKTFTVTE,-2.83841446
QYKLILNGKTLKGETTTEAVDAATAEKVFKEYANDNGVDGEWTYDDATKTFTVTE,-2.583619815
QYKLILNGKTLKGETTTEAVDAATAEKVFKFYANDNGVDGEWTYDDATKTFTVTE,-1.458437024
QYKLILNGKTLKGETTTEAVDAATAEKVFKGYANDNGVDGEWTYDDATKTFTVTE,0.403484207
QYKLILNGKTLKGETTTEAVDAATAEKVFKHYANDNGVDGEWTYDDATKTFTVTE,0.138621703
QYKLILNGKTLKGETTTEAVDAATAEKVFKIYANDNGVDGEWTYDDATKTFTVTE,-0.933546095
QYKLILNGKTLKGETTTEAVDAATAEKVFKKYANDNGVDGEWTYDDATKTFTVTE,0.248936972
QYKLILNGKTLKGETTTEAVDAATAEKVFKLYANDNGVDGEWTYDDATKTFTVTE,-0.039762959
QYKLILNGKTLKGETTTEAVDAATAEKVFKMYANDNGVDGEWTYDDATKTFTVTE,-0.20141779
QYKLILNGKTLKGETTTEAVDAATAEKVFKNYANDNGVDGEWTYDDATKTFTVTE,0.490326794
QYKLILNGKTLKGETTTEAVDAATAEKVFKPYANDNGVDGEWTYDDATKTFTVTE,-3.979294233
QYKLILNGKTLKGETTTEAVDAATAEKVFKRYANDNGVDGEWTYDDATKTFTVTE,0.316091662
QYKLILNGKTLKGETTTEAVDAATAEKVFKSYANDNGVDGEWTYDDATKTFTVTE,-0.101725265
QYKLILNGKTLKGETTTEAVDAATAEKVFKTYANDNGVDGEWTYDDATKTFTVTE,-0.409016714
QYKLILNGKTLKGETTTEAVDAATAEKVFKVYANDNGVDGEWTYDDATKTFTVTE,-0.872888556
QYKLILNGKTLKGETTTEAVDAATAEKVFKWYANDNGVDGEWTYDDATKTFTVTE,-1.413435624
QYKLILNGKTLKGETTTEAVDAATAEKVFKYYANDNGVDGEWTYDDATKTFTVTE,-1.571520712
QYKLILNGKTLKGETTTEAVDAATAEKVFKQAANDNGVDGEWTYDDATKTFTVTE,-1.653077701
QYKLILNGKTLKGETTTEAVDAATAEKVFKQCANDNGVDGEWTYDDATKTFTVTE,-1.180928523
QYKLILNGKTLKGETTTEAVDAATAEKVFKQDANDNGVDGEWTYDDATKTFTVTE,-3.906036502
QYKLILNGKTLKGETTTEAVDAATAEKVFKQEANDNGVDGEWTYDDATKTFTVTE,-3.104219942
QYKLILNGKTLKGETTTEAVDAATAEKVFKQFANDNGVDGEWTYDDATKTFTVTE,0.456129369
QYKLILNGKTLKGETTTEAVDAATAEKVFKQGANDNGVDGEWTYDDATKTFTVTE,-1.167266193
QYKLILNGKTLKGETTTEAVDAATAEKVFKQHANDNGVDGEWTYDDATKTFTVTE,-0.98974941
QYKLILNGKTLKGETTTEAVDAATAEKVFKQIANDNGVDGEWTYDDATKTFTVTE,-1.488748824
QYKLILNGKTLKGETTTEAVDAATAEKVFKQKANDNGVDGEWTYDDATKTFTVTE,-1.117895205
QYKLILNGKTLKGETTTEAVDAATAEKVFKQLANDNGVDGEWTYDDATKTFTVTE,-0.41060014
QYKLILNGKTLKGETTTEAVDAATAEKVFKQMANDNGVDGEWTYDDATKTFTVTE,-0.735828906
QYKLILNGKTLKGETTTEAVDAATAEKVFKQNANDNGVDGEWTYDDATKTFTVTE,-1.674334477
QYKLILNGKTLKGETTTEAVDAATAEKVFKQPANDNGVDGEWTYDDATKTFTVTE,-4.605170186
QYKLILNGKTLKGETTTEAVDAATAEKVFKQQANDNGVDGEWTYDDATKTFTVTE,-1.388468684
QYKLILNGKTLKGETTTEAVDAATAEKVFKQRANDNGVDGEWTYDDATKTFTVTE,-1.194894563
QYKLILNGKTLKGETTTEAVDAATAEKVFKQSANDNGVDGEWTYDDATKTFTVTE,-1.701352426
QYKLILNGKTLKGETTTEAVDAATAEKVFKQTANDNGVDGEWTYDDATKTFTVTE,-1.802840967
QYKLILNGKTLKGETTTEAVDAATAEKVFKQVANDNGVDGEWTYDDATKTFTVTE,-1.758936739
QYKLILNGKTLKGETTTEAVDAATAEKVFKQWANDNGVDGEWTYDDATKTFTVTE,-0.416843909
QYKLILNGKTLKGETTTEAVDAATAEKVFKQYCNDNGVDGEWTYDDATKTFTVTE,0.03687509
QYKLILNGKTLKGETTTEAVDAATAEKVFKQYDNDNGVDGEWTYDDATKTFTVTE,-4.605170186
QYKLILNGKTLKGETTTEAVDAATAEKVFKQYENDNGVDGEWTYDDATKTFTVTE,-4.605170186
QYKLILNGKTLKGETTTEAVDAATAEKVFKQYFNDNGVDGEWTYDDATKTFTVTE,-4.376770716
QYKLILNGKTLKGETTTEAVDAATAEKVFKQYGNDNGVDGEWTYDDATKTFTVTE,-1.372616985
QYKLILNGKTLKGETTTEAVDAATAEKVFKQYHNDNGVDGEWTYDDATKTFTVTE,-4.605170186
QYKLILNGKTLKGETTTEAVDAATAEKVFKQYINDNGVDGEWTYDDATKTFTVTE,-2.9500203
QYKLILNGKTLKGETTTEAVDAATAEKVFKQYKNDNGVDGEWTYDDATKTFTVTE,-4.605170186
QYKLILNGKTLKGETTTEAVDAATAEKVFKQYLNDNGVDGEWTYDDATKTFTVTE,-3.179580915
QYKLILNGKTLKGETTTEAVDAATAEKVFKQYMNDNGVDGEWTYDDATKTFTVTE,-0.262997285
QYKLILNGKTLKGETTTEAVDAATAEKVFKQYNNDNGVDGEWTYDDATKTFTVTE,-4.605170186
QYKLILNGKTLKGETTTEAVDAATAEKVFKQYPNDNGVDGEWTYDDATKTFTVTE,-4.605170186
QYKLILNGKTLKGETTTEAVDAATAEKVFKQYQNDNGVDGEWTYDDATKTFTVTE,-4.605170186
QYKLILNGKTLKGETTTEAVDAATAEKVFKQYRNDNGVDGEWTYDDATKTFTVTE,-4.457979512
QYKLILNGKTLKGETTTEAVDAATAEKVFKQYSNDNGVDGEWTYDDATKTFTVTE,-0.234724567
QYKLILNGKTLKGETTTEAVDAATAEKVFKQYTNDNGVDGEWTYDDATKTFTVTE,-1.561028113
QYKLILNGKTLKGETTTEAVDAATAEKVFKQYVNDNGVDGEWTYDDATKTFTVTE,-1.719154128
QYKLILNGKTLKGETTTEAVDAATAEKVFKQYWNDNGVDGEWTYDDATKTFTVTE,-4.605170186
QYKLILNGKTLKGETTTEAVDAATAEKVFKQYYNDNGVDGEWTYDDATKTFTVTE,-3.992192406
QYKLILNGKTLKGETTTEAVDAATAEKVFKQYAADNGVDGEWTYDDATKTFTVTE,-4.368247569
QYKLILNGKTLKGETTTEAVDAATAEKVFKQYACDNGVDGEWTYDDATKTFTVTE,-2.97960719
QYKLILNGKTLKGETTTEAVDAATAEKVFKQYADDNGVDGEWTYDDATKTFTVTE,-4.605170186
QYKLILNGKTLKGETTTEAVDAATAEKVFKQYAEDNGVDGEWTYDDATKTFTVTE,-4.605170186
QYKLILNGKTLKGETTTEAVDAATAEKVFKQYAFDNGVDGEWTYDDATKTFTVTE,-3.992795163
QYKLILNGKTLKGETTTEAVDAATAEKVFKQYAGDNGVDGEWTYDDATKTFTVTE,-2.96008388
QYKLILNGKTLKGETTTEAVDAATAEKVFKQYAHDNGVDGEWTYDDATKTFTVTE,-4.15653576
QYKLILNGKTLKGETTTEAVDAATAEKVFKQYAIDNGVDGEWTYDDATKTFTVTE,-3.446901549
QYKLILNGKTLKGETTTEAVDAATAEKVFKQYAKDNGVDGEWTYDDATKTFTVTE,-4.605170186
QYKLILNGKTLKGETTTEAVDAATAEKVFKQYALDNGVDGEWTYDDATKTFTVTE,-4.594192277
QYKLILNGKTLKGETTTEAVDAATAEKVFKQYAMDNGVDGEWTYDDATKTFTVTE,-4.400113685
QYKLILNGKTLKGETTTEAVDAATAEKVFKQYAPDNGVDGEWTYDDATKTFTVTE,-4.605170186
QYKLILNGKTLKGETTTEAVDAATAEKVFKQYAQDNGVDGEWTYDDATKTFTVTE,-4.605170186
QYKLILNGKTLKGETTTEAVDAATAEKVFKQYARDNGVDGEWTYDDATKTFTVTE,-4.291535658
QYKLILNGKTLKGETTTEAVDAATAEKVFKQYASDNGVDGEWTYDDATKTFTVTE,-3.013234195
QYKLILNGKTLKGETTTEAVDAATAEKVFKQYATDNGVDGEWTYDDATKTFTVTE,-2.338111221
QYKLILNGKTLKGETTTEAVDAATAEKVFKQYAVDNGVDGEWTYDDATKTFTVTE,-4.573924117
QYKLILNGKTLKGETTTEAVDAATAEKVFKQYAWDNGVDGEWTYDDATKTFTVTE,-3.510089246
QYKLILNGKTLKGETTTEAVDAATAEKVFKQYAYDNGVDGEWTYDDATKTFTVTE,-4.18872856
QYKLILNGKTLKGETTTEAVDAATAEKVFKQYANANGVDGEWTYDDATKTFTVTE,0.506713195
QYKLILNGKTLKGETTTEAVDAATAEKVFKQYANCNGVDGEWTYDDATKTFTVTE,0.409627413
QYKLILNGKTLKGETTTEAVDAATAEKVFKQYANENGVDGEWTYDDATKTFTVTE,0.131957757
QYKLILNGKTLKGETTTEAVDAATAEKVFKQYANFNGVDGEWTYDDATKTFTVTE,-0.106149357
QYKLILNGKTLKGETTTEAVDAATAEKVFKQYANGNGVDGEWTYDDATKTFTVTE,0.613765622
QYKLILNGKTLKGETTTEAVDAATAEKVFKQYANHNGVDGEWTYDDATKTFTVTE,0.103664584
QYKLILNGKTLKGETTTEAVDAATAEKVFKQYANINGVDGEWTYDDATKTFTVTE,0.295654119
QYKLILNGKTLKGETTTEAVDAATAEKVFKQYANKNGVDGEWTYDDATKTFTVTE,0.267938867
QYKLILNGKTLKGETTTEAVDAATAEKVFKQYANLNGVDGEWTYDDATKTFTVTE,0.373424737
QYKLILNGKTLKGETTTEAVDAATAEKVFKQYANMNGVDGEWTYDDATKTFTVTE,0.355400937
QYKLILNGKTLKGETTTEAVDAATAEKVFKQYANNNGVDGEWTYDDATKTFTVTE,0.622152839
QYKLILNGKTLKGETTTEAVDAATAEKVFKQYANPNGVDGEWTYDDATKTFTVTE,-4.260932155
QYKLILNGKTLKGETTTEAVDAATAEKVFKQYANQNGVDGEWTYDDATKTFTVTE,0.298731107
QYKLILNGKTLKGETTTEAVDAATAEKVFKQYANRNGVDGEWTYDDATKTFTVTE,0.532026251
QYKLILNGKTLKGETTTEAVDAATAEKVFKQYANSNGVDGEWTYDDATKTFTVTE,0.515288089
QYKLILNGKTLKGETTTEAVDAATAEKVFKQYANTNGVDGEWTYDDATKTFTVTE,0.377664448
QYKLILNGKTLKGETTTEAVDAATAEKVFKQYANVNGVDGEWTYDDATKTFTVTE,0.507996766
QYKLILNGKTLKGETTTEAVDAATAEKVFKQYANWNGVDGEWTYDDATKTFTVTE,-0.130929033
QYKLILNGKTLKGETTTEAVDAATAEKVFKQYANYNGVDGEWTYDDATKTFTVTE,0.031431759
QYKLILNGKTLKGETTTEAVDAATAEKVFKQYANDAGVDGEWTYDDATKTFTVTE,-1.494199062
QYKLILNGKTLKGETTTEAVDAATAEKVFKQYANDCGVDGEWTYDDATKTFTVTE,-0.544423683
QYKLILNGKTLKGETTTEAVDAATAEKVFKQYANDDGVDGEWTYDDATKTFTVTE,-2.754983954
QYKLILNGKTLKGETTTEAVDAATAEKVFKQYANDEGVDGEWTYDDATKTFTVTE,-1.898211087
QYKLILNGKTLKGETTTEAVDAATAEKVFKQYANDFGVDGEWTYDDATKTFTVTE,-2.859855263
QYKLILNGKTLKGETTTEAVDAATAEKVFKQYANDGGVDGEWTYDDATKTFTVTE,-0.969306423
QYKLILNGKTLKGETTTEAVDAATAEKVFKQYANDHGVDGEWTYDDATKTFTVTE,-1.065278189
QYKLILNGKTLKGETTTEAVDAATAEKVFKQYANDIGVDGEWTYDDATKTFTVTE,-0.990649505
QYKLILNGKTLKGETTTEAVDAATAEKVFKQYANDKGVDGEWTYDDATKTFTVTE,-1.566885111
QYKLILNGKTLKGETTTEAVDAATAEKVFKQYANDLGVDGEWTYDDATKTFTVTE,-1.183205083
QYKLILNGKTLKGETTTEAVDAATAEKVFKQYANDMGVDGEWTYDDATKTFTVTE,-1.559238971
QYKLILNGKTLKGETTTEAVDAATAEKVFKQYANDPGVDGEWTYDDATKTFTVTE,-4.605170186
QYKLILNGKTLKGETTTEAVDAATAEKVFKQYANDQGVDGEWTYDDATKTFTVTE,-1.272019472
QYKLILNGKTLKGETTTEAVDAATAEKVFKQYANDRGVDGEWTYDDATKTFTVTE,-1.650066467
QYKLILNGKTLKGETTTEAVDAATAEKVFKQYANDSGVDGEWTYDDATKTFTVTE,-0.518301325
QYKLILNGKTLKGETTTEAVDAATAEKVFKQYANDTGVDGEWTYDDATKTFTVTE,-0.781275002
QYKLILNGKTLKGETTTEAVDAATAEKVFKQYANDVGVDGEWTYDDATKTFTVTE,-1.291342656
QYKLILNGKTLKGETTTEAVDAATAEKVFKQYANDWGVDGEWTYDDATKTFTVTE,-1.848484658
QYKLILNGKTLKGETTTEAVDAATAEKVFKQYANDYGVDGEWTYDDATKTFTVTE,-2.313633676
QYKLILNGKTLKGETTTEAVDAATAEKVFKQYANDNAVDGEWTYDDATKTFTVTE,-0.003351609
QYKLILNGKTLKGETTTEAVDAATAEKVFKQYANDNCVDGEWTYDDATKTFTVTE,-0.609466502
QYKLILNGKTLKGETTTEAVDAATAEKVFKQYANDNDVDGEWTYDDATKTFTVTE,-0.572883696
QYKLILNGKTLKGETTTEAVDAATAEKVFKQYANDNEVDGEWTYDDATKTFTVTE,-0.795013717
QYKLILNGKTLKGETTTEAVDAATAEKVFKQYANDNFVDGEWTYDDATKTFTVTE,-0.568322752
QYKLILNGKTLKGETTTEAVDAATAEKVFKQYANDNHVDGEWTYDDATKTFTVTE,-0.777628791
QYKLILNGKTLKGETTTEAVDAATAEKVFKQYANDNIVDGEWTYDDATKTFTVTE,-1.574860861
QYKLILNGKTLKGETTTEAVDAATAEKVFKQYANDNKVDGEWTYDDATKTFTVTE,-0.857116192
QYKLILNGKTLKGETTTEAVDAATAEKVFKQYANDNLVDGEWTYDDATKTFTVTE,-0.478095286
QYKLILNGKTLKGETTTEAVDAATAEKVFKQYANDNMVDGEWTYDDATKTFTVTE,-0.774357432
QYKLILNGKTLKGETTTEAVDAATAEKVFKQYANDNNVDGEWTYDDATKTFTVTE,-0.696407584
QYKLILNGKTLKGETTTEAVDAATAEKVFKQYANDNPVDGEWTYDDATKTFTVTE,-4.605170186
QYKLILNGKTLKGETTTEAVDAATAEKVFKQYANDNQVDGEWTYDDATKTFTVTE,-0.78838616
QYKLILNGKTLKGETTTEAVDAATAEKVFKQYANDNRVDGEWTYDDATKTFTVTE,-0.860588489
QYKLILNGKTLKGETTTEAVDAATAEKVFKQYANDNSVDGEWTYDDATKTFTVTE,-0.520703971
QYKLILNGKTLKGETTTEAVDAATAEKVFKQYANDNTVDGEWTYDDATKTFTVTE,-0.752382092
QYKLILNGKTLKGETTTEAVDAATAEKVFKQYANDNVVDGEWTYDDATKTFTVTE,-0.887641853
QYKLILNGKTLKGETTTEAVDAATAEKVFKQYANDNWVDGEWTYDDATKTFTVTE,-0.480307203
QYKLILNGKTLKGETTTEAVDAATAEKVFKQYANDNYVDGEWTYDDATKTFTVTE,-0.454552256
QYKLILNGKTLKGETTTEAVDAATAEKVFKQYANDNGADGEWTYDDATKTFTVTE,-2.929360549
QYKLILNGKTLKGETTTEAVDAATAEKVFKQYANDNGCDGEWTYDDATKTFTVTE,-1.565118972
QYKLILNGKTLKGETTTEAVDAATAEKVFKQYANDNGDDGEWTYDDATKTFTVTE,-4.605170186
QYKLILNGKTLKGETTTEAVDAATAEKVFKQYANDNGEDGEWTYDDATKTFTVTE,-3.567075114
QYKLILNGKTLKGETTTEAVDAATAEKVFKQYANDNGFDGEWTYDDATKTFTVTE,-1.122524369
QYKLILNGKTLKGETTTEAVDAATAEKVFKQYANDNGGDGEWTYDDATKTFTVTE,-4.605170186
QYKLILNGKTLKGETTTEAVDAATAEKVFKQYANDNGHDGEWTYDDATKTFTVTE,-3.778652678
QYKLILNGKTLKGETTTEAVDAATAEKVFKQYANDNGIDGEWTYDDATKTFTVTE,0.221454057
QYKLILNGKTLKGETTTEAVDAATAEKVFKQYANDNGKDGEWTYDDATKTFTVTE,-4.051303734
QYKLILNGKTLKGETTTEAVDAATAEKVFKQYANDNGLDGEWTYDDATKTFTVTE,0.377543875
QYKLILNGKTLKGETTTEAVDAATAEKVFKQYANDNGMDGEWTYDDATKTFTVTE,0.010192198
QYKLILNGKTLKGETTTEAVDAATAEKVFKQYANDNGNDGEWTYDDATKTFTVTE,-4.601629679
QYKLILNGKTLKGETTTEAVDAATAEKVFKQYANDNGPDGEWTYDDATKTFTVTE,-4.605170186
QYKLILNGKTLKGETTTEAVDAATAEKVFKQYANDNGQDGEWTYDDATKTFTVTE,-2.423493196
QYKLILNGKTLKGETTTEAVDAATAEKVFKQYANDNGRDGEWTYDDATKTFTVTE,-4.210018939
QYKLILNGKTLKGETTTEAVDAATAEKVFKQYANDNGSDGEWTYDDATKTFTVTE,-3.519538389
QYKLILNGKTLKGETTTEAVDAATAEKVFKQYANDNGTDGEWTYDDATKTFTVTE,-1.547464991
QYKLILNGKTLKGETTTEAVDAATAEKVFKQYANDNGWDGEWTYDDATKTFTVTE,-4.605170186
QYKLILNGKTLKGETTTEAVDAATAEKVFKQYANDNGYDGEWTYDDATKTFTVTE,-2.778057952
QYKLILNGKTLKGETTTEAVDAATAEKVFKQYANDNGVAGEWTYDDATKTFTVTE,0.7287053
QYKLILNGKTLKGETTTEAVDAATAEKVFKQYANDNGVCGEWTYDDATKTFTVTE,0.461498433
QYKLILNGKTLKGETTTEAVDAATAEKVFKQYANDNGVEGEWTYDDATKTFTVTE,-0.297022734
QYKLILNGKTLKGETTTEAVDAATAEKVFKQYANDNGVFGEWTYDDATKTFTVTE,0.969350414
QYKLILNGKTLKGETTTEAVDAATAEKVFKQYANDNGVGGEWTYDDATKTFTVTE,-0.29343402
QYKLILNGKTLKGETTTEAVDAATAEKVFKQYANDNGVHGEWTYDDATKTFTVTE,0.978026608
QYKLILNGKTLKGETTTEAVDAATAEKVFKQYANDNGVIGEWTYDDATKTFTVTE,0.435890904
QYKLILNGKTLKGETTTEAVDAATAEKVFKQYANDNGVKGEWTYDDATKTFTVTE,-0.018110347
QYKLILNGKTLKGETTTEAVDAATAEKVFKQYANDNGVLGEWTYDDATKTFTVTE,-0.24455775
QYKLILNGKTLKGETTTEAVDAATAEKVFKQYANDNGVMGEWTYDDATKTFTVTE,-0.057871528
QYKLILNGKTLKGETTTEAVDAATAEKVFKQYANDNGVNGEWTYDDATKTFTVTE,0.442127699
QYKLILNGKTLKGETTTEAVDAATAEKVFKQYANDNGVPGEWTYDDATKTFTVTE,-1.058171818
QYKLILNGKTLKGETTTEAVDAATAEKVFKQYANDNGVQGEWTYDDATKTFTVTE,-0.039419766
QYKLILNGKTLKGETTTEAVDAATAEKVFKQYANDNGVRGEWTYDDATKTFTVTE,0.350745634
QYKLILNGKTLKGETTTEAVDAATAEKVFKQYANDNGVSGEWTYDDATKTFTVTE,0.624489006
QYKLILNGKTLKGETTTEAVDAATAEKVFKQYANDNGVTGEWTYDDATKTFTVTE,0.005839034
QYKLILNGKTLKGETTTEAVDAATAEKVFKQYANDNGVVGEWTYDDATKTFTVTE,0.519351266
QYKLILNGKTLKGETTTEAVDAATAEKVFKQYANDNGVWGEWTYDDATKTFTVTE,1.21406961
QYKLILNGKTLKGETTTEAVDAATAEKVFKQYANDNGVYGEWTYDDATKTFTVTE,1.211503263
QYKLILNGKTLKGETTTEAVDAATAEKVFKQYANDNGVDAEWTYDDATKTFTVTE,-2.262755395
QYKLILNGKTLKGETTTEAVDAATAEKVFKQYANDNGVDCEWTYDDATKTFTVTE,-2.948885129
QYKLILNGKTLKGETTTEAVDAATAEKVFKQYANDNGVDDEWTYDDATKTFTVTE,-4.605170186
QYKLILNGKTLKGETTTEAVDAATAEKVFKQYANDNGVDEEWTYDDATKTFTVTE,-4.605170186
QYKLILNGKTLKGETTTEAVDAATAEKVFKQYANDNGVDFEWTYDDATKTFTVTE,-2.850014383
QYKLILNGKTLKGETTTEAVDAATAEKVFKQYANDNGVDHEWTYDDATKTFTVTE,-4.605170186
QYKLILNGKTLKGETTTEAVDAATAEKVFKQYANDNGVDIEWTYDDATKTFTVTE,-4.605170186
QYKLILNGKTLKGETTTEAVDAATAEKVFKQYANDNGVDKEWTYDDATKTFTVTE,-4.605170186
QYKLILNGKTLKGETTTEAVDAATAEKVFKQYANDNGVDLEWTYDDATKTFTVTE,-4.605170186
QYKLILNGKTLKGETTTEAVDAATAEKVFKQYANDNGVDMEWTYDDATKTFTVTE,-4.481637304
QYKLILNGKTLKGETTTEAVDAATAEKVFKQYANDNGVDNEWTYDDATKTFTVTE,-4.605170186
QYKLILNGKTLKGETTTEAVDAATAEKVFKQYANDNGVDPEWTYDDATKTFTVTE,-4.605170186
QYKLILNGKTLKGETTTEAVDAATAEKVFKQYANDNGVDQEWTYDDATKTFTVTE,-4.605170186
QYKLILNGKTLKGETTTEAVDAATAEKVFKQYANDNGVDREWTYDDATKTFTVTE,-4.605170186
QYKLILNGKTLKGETTTEAVDAATAEKVFKQYANDNGVDSEWTYDDATKTFTVTE,-4.424277931
QYKLILNGKTLKGETTTEAVDAATAEKVFKQYANDNGVDTEWTYDDATKTFTVTE,-4.605170186
QYKLILNGKTLKGETTTEAVDAATAEKVFKQYANDNGVDVEWTYDDATKTFTVTE,-4.283159079
QYKLILNGKTLKGETTTEAVDAATAEKVFKQYANDNGVDWEWTYDDATKTFTVTE,-4.605170186
QYKLILNGKTLKGETTTEAVDAATAEKVFKQYANDNGVDYEWTYDDATKTFTVTE,-4.436584929
QYKLILNGKTLKGETTTEAVDAATAEKVFKQYANDNGVDGAWTYDDATKTFTVTE,0.428600549
QYKLILNGKTLKGETTTEAVDAATAEKVFKQYANDNGVDGCWTYDDATKTFTVTE,0.425670121
QYKLILNGKTLKGETTTEAVDAATAEKVFKQYANDNGVDGDWTYDDATKTFTVTE,0.169612234
QYKLILNGKTLKGETTTEAVDAATAEKVFKQYANDNGVDGFWTYDDATKTFTVTE,0.467779397
QYKLILNGKTLKGETTTEAVDAATAEKVFKQYANDNGVDGGWTYDDATKTFTVTE,0.449172184
QYKLILNGKTLKGETTTEAVDAATAEKVFKQYANDNGVDGHWTYDDATKTFTVTE,0.271737747
QYKLILNGKTLKGETTTEAVDAATAEKVFKQYANDNGVDGIWTYDDATKTFTVTE,0.639808894
QYKLILNGKTLKGETTTEAVDAATAEKVFKQYANDNGVDGKWTYDDATKTFTVTE,0.495911457
QYKLILNGKTLKGETTTEAVDAATAEKVFKQYANDNGVDGLWTYDDATKTFTVTE,0.759731251
QYKLILNGKTLKGETTTEAVDAATAEKVFKQYANDNGVDGMWTYDDATKTFTVTE,0.55042808
QYKLILNGKTLKGETTTEAVDAATAEKVFKQYANDNGVDGNWTYDDATKTFTVTE,0.434911286
QYKLILNGKTLKGETTTEAVDAATAEKVFKQYANDNGVDGPWTYDDATKTFTVTE,-0.375230491
QYKLILNGKTLKGETTTEAVDAATAEKVFKQYANDNGVDGQWTYDDATKTFTVTE,0.765886162
QYKLILNGKTLKGETTTEAVDAATAEKVFKQYANDNGVDGRWTYDDATKTFTVTE,0.644386526
QYKLILNGKTLKGETTTEAVDAATAEKVFKQYANDNGVDGSWTYDDATKTFTVTE,0.507584167
QYKLILNGKTLKGETTTEAVDAATAEKVFKQYANDNGVDGTWTYDDATKTFTVTE,0.60570774
QYKLILNGKTLKGETTTEAVDAATAEKVFKQYANDNGVDGVWTYDDATKTFTVTE,0.602299506
QYKLILNGKTLKGETTTEAVDAATAEKVFKQYANDNGVDGWWTYDDATKTFTVTE,0.735380892
QYKLILNGKTLKGETTTEAVDAATAEKVFKQYANDNGVDGYWTYDDATKTFTVTE,0.449072734
QYKLILNGKTLKGETTTEAVDAATAEKVFKQYANDNGVDGEATYDDATKTFTVTE,-4.605170186
QYKLILNGKTLKGETTTEAVDAATAEKVFKQYANDNGVDGECTYDDATKTFTVTE,-4.605170186
QYKLILNGKTLKGETTTEAVDAATAEKVFKQYANDNGVDGEDTYDDATKTFTVTE,-4.605170186
QYKLILNGKTLKGETTTEAVDAATAEKVFKQYANDNGVDGEETYDDATKTFTVTE,-4.605170186
QYKLILNGKTLKGETTTEAVDAATAEKVFKQYANDNGVDGEFTYDDATKTFTVTE,-4.333687953
QYKLILNGKTLKGETTTEAVDAATAEKVFKQYANDNGVDGEGTYDDATKTFTVTE,-4.605170186
QYKLILNGKTLKGETTTEAVDAATAEKVFKQYANDNGVDGEHTYDDATKTFTVTE,-4.605170186
QYKLILNGKTLKGETTTEAVDAATAEKVFKQYANDNGVDGEITYDDATKTFTVTE,-4.605170186
QYKLILNGKTLKGETTTEAVDAATAEKVFKQYANDNGVDGEKTYDDATKTFTVTE,-4.605170186
QYKLILNGKTLKGETTTEAVDAATAEKVFKQYANDNGVDGELTYDDATKTFTVTE,-4.605170186
QYKLILNGKTLKGETTTEAVDAATAEKVFKQYANDNGVDGEMTYDDATKTFTVTE,-4.605170186
QYKLILNGKTLKGETTTEAVDAATAEKVFKQYANDNGVDGENTYDDATKTFTVTE,-4.605170186
QYKLILNGKTLKGETTTEAVDAATAEKVFKQYANDNGVDGEPTYDDATKTFTVTE,-4.605170186
QYKLILNGKTLKGETTTEAVDAATAEKVFKQYANDNGVDGEQTYDDATKTFTVTE,-4.605170186
QYKLILNGKTLKGETTTEAVDAATAEKVFKQYANDNGVDGERTYDDATKTFTVTE,-4.605170186
QYKLILNGKTLKGETTTEAVDAATAEKVFKQYANDNGVDGESTYDDATKTFTVTE,-4.605170186
QYKLILNGKTLKGETTTEAVDAATAEKVFKQYANDNGVDGETTYDDATKTFTVTE,-4.605170186
QYKLILNGKTLKGETTTEAVDAATAEKVFKQYANDNGVDGEVTYDDATKTFTVTE,-4.605170186
QYKLILNGKTLKGETTTEAVDAATAEKVFKQYANDNGVDGEYTYDDATKTFTVTE,-4.605170186
QYKLILNGKTLKGETTTEAVDAATAEKVFKQYANDNGVDGEWAYDDATKTFTVTE,0.37948025
QYKLILNGKTLKGETTTEAVDAATAEKVFKQYANDNGVDGEWCYDDATKTFTVTE,-0.039171656
QYKLILNGKTLKGETTTEAVDAATAEKVFKQYANDNGVDGEWDYDDATKTFTVTE,-0.374479803
QYKLILNGKTLKGETTTEAVDAATAEKVFKQYANDNGVDGEWEYDDATKTFTVTE,-0.013662052
QYKLILNGKTLKGETTTEAVDAATAEKVFKQYANDNGVDGEWFYDDATKTFTVTE,0.02288068
QYKLILNGKTLKGETTTEAVDAATAEKVFKQYANDNGVDGEWGYDDATKTFTVTE,0.336150944
QYKLILNGKTLKGETTTEAVDAATAEKVFKQYANDNGVDGEWHYDDATKTFTVTE,0.125836576
QYKLILNGKTLKGETTTEAVDAATAEKVFKQYANDNGVDGEWIYDDATKTFTVTE,-0.55094183
QYKLILNGKTLKGETTTEAVDAATAEKVFKQYANDNGVDGEWKYDDATKTFTVTE,0.209754401
QYKLILNGKTLKGETTTEAVDAATAEKVFKQYANDNGVDGEWLYDDATKTFTVTE,0.007681893
QYKLILNGKTLKGETTTEAVDAATAEKVFKQYANDNGVDGEWMYDDATKTFTVTE,0.159099287
QYKLILNGKTLKGETTTEAVDAATAEKVFKQYANDNGVDGEWNYDDATKTFTVTE,-0.190322393
QYKLILNGKTLKGETTTEAVDAATAEKVFKQYANDNGVDGEWPYDDATKTFTVTE,-4.605170186
QYKLILNGKTLKGETTTEAVDAATAEKVFKQYANDNGVDGEWQYDDATKTFTVTE,0.36351531
QYKLILNGKTLKGETTTEAVDAATAEKVFKQYANDNGVDGEWRYDDATKTFTVTE,0.196645747
QYKLILNGKTLKGETTTEAVDAATAEKVFKQYANDNGVDGEWSYDDATKTFTVTE,0.15476946
QYKLILNGKTLKGETTTEAVDAATAEKVFKQYANDNGVDGEWVYDDATKTFTVTE,-0.715074476
QYKLILNGKTLKGETTTEAVDAATAEKVFKQYANDNGVDGEWWYDDATKTFTVTE,0.242260826
QYKLILNGKTLKGETTTEAVDAATAEKVFKQYANDNGVDGEWYYDDATKTFTVTE,-0.140790223
QYKLILNGKTLKGETTTEAVDAATAEKVFKQYANDNGVDGEWTADDATKTFTVTE,-2.913361868
QYKLILNGKTLKGETTTEAVDAATAEKVFKQYANDNGVDGEWTCDDATKTFTVTE,-1.578007179
QYKLILNGKTLKGETTTEAVDAATAEKVFKQYANDNGVDGEWTDDDATKTFTVTE,-4.605170186
QYKLILNGKTLKGETTTEAVDAATAEKVFKQYANDNGVDGEWTEDDATKTFTVTE,-4.373444337
QYKLILNGKTLKGETTTEAVDAATAEKVFKQYANDNGVDGEWTFDDATKTFTVTE,-0.092636209
QYKLILNGKTLKGETTTEAVDAATAEKVFKQYANDNGVDGEWTGDDATKTFTVTE,-3.314824663
QYKLILNGKTLKGETTTEAVDAATAEKVFKQYANDNGVDGEWTHDDATKTFTVTE,-1.428830452
QYKLILNGKTLKGETTTEAVDAATAEKVFKQYANDNGVDGEWTIDDATKTFTVTE,-1.446389473
QYKLILNGKTLKGETTTEAVDAATAEKVFKQYANDNGVDGEWTKDDATKTFTVTE,-3.039982401
QYKLILNGKTLKGETTTEAVDAATAEKVFKQYANDNGVDGEWTLDDATKTFTVTE,-0.8206861
QYKLILNGKTLKGETTTEAVDAATAEKVFKQYANDNGVDGEWTMDDATKTFTVTE,-1.282920199
QYKLILNGKTLKGETTTEAVDAATAEKVFKQYANDNGVDGEWTNDDATKTFTVTE,-3.108248183
QYKLILNGKTLKGETTTEAVDAATAEKVFKQYANDNGVDGEWTPDDATKTFTVTE,-4.605170186
QYKLILNGKTLKGETTTEAVDAATAEKVFKQYANDNGVDGEWTQDDATKTFTVTE,-3.671171566
QYKLILNGKTLKGETTTEAVDAATAEKVFKQYANDNGVDGEWTRDDATKTFTVTE,-3.038778956
QYKLILNGKTLKGETTTEAVDAATAEKVFKQYANDNGVDGEWTSDDATKTFTVTE,-3.18692031
QYKLILNGKTLKGETTTEAVDAATAEKVFKQYANDNGVDGEWTTDDATKTFTVTE,-3.213579096
QYKLILNGKTLKGETTTEAVDAATAEKVFKQYANDNGVDGEWTVDDATKTFTVTE,-1.993629894
QYKLILNGKTLKGETTTEAVDAATAEKVFKQYANDNGVDGEWTWDDATKTFTVTE,0.592638792
QYKLILNGKTLKGETTTEAVDAATAEKVFKQYANDNGVDGEWTYADATKTFTVTE,0.207148774
QYKLILNGKTLKGETTTEAVDAATAEKVFKQYANDNGVDGEWTYCDATKTFTVTE,0.257710159
QYKLILNGKTLKGETTTEAVDAATAEKVFKQYANDNGVDGEWTYEDATKTFTVTE,0.001563192
QYKLILNGKTLKGETTTEAVDAATAEKVFKQYANDNGVDGEWTYFDATKTFTVTE,0.056978173
QYKLILNGKTLKGETTTEAVDAATAEKVFKQYANDNGVDGEWTYGDATKTFTVTE,0.150371389
QYKLILNGKTLKGETTTEAVDAATAEKVFKQYANDNGVDGEWTYHDATKTFTVTE,0.227148818
QYKLILNGKTLKGETTTEAVDAATAEKVFKQYANDNGVDGEWTYIDATKTFTVTE,0.186000134
QYKLILNGKTLKGETTTEAVDAATAEKVFKQYANDNGVDGEWTYKDATKTFTVTE,0.289418877
QYKLILNGKTLKGETTTEAVDAATAEKVFKQYANDNGVDGEWTYLDATKTFTVTE,0.214406748
QYKLILNGKTLKGETTTEAVDAATAEKVFKQYANDNGVDGEWTYMDATKTFTVTE,0.191945669
QYKLILNGKTLKGETTTEAVDAATAEKVFKQYANDNGVDGEWTYNDATKTFTVTE,0.317613687
QYKLILNGKTLKGETTTEAVDAATAEKVFKQYANDNGVDGEWTYPDATKTFTVTE,-3.400887932
QYKLILNGKTLKGETTTEAVDAATAEKVFKQYANDNGVDGEWTYQDATKTFTVTE,0.217648027
QYKLILNGKTLKGETTTEAVDAATAEKVFKQYANDNGVDGEWTYRDATKTFTVTE,0.311186242
QYKLILNGKTLKGETTTEAVDAATAEKVFKQYANDNGVDGEWTYSDATKTFTVTE,0.33143731
QYKLILNGKTLKGETTTEAVDAATAEKVFKQYANDNGVDGEWTYTDATKTFTVTE,0.447208119
QYKLILNGKTLKGETTTEAVDAATAEKVFKQYANDNGVDGEWTYVDATKTFTVTE,0.247884666
QYKLILNGKTLKGETTTEAVDAATAEKVFKQYANDNGVDGEWTYWDATKTFTVTE,0.133145078
QYKLILNGKTLKGETTTEAVDAATAEKVFKQYANDNGVDGEWTYYDATKTFTVTE,-0.016390454
QYKLILNGKTLKGETTTEAVDAATAEKVFKQYANDNGVDGEWTYDAATKTFTVTE,0.539804358
QYKLILNGKTLKGETTTEAVDAATAEKVFKQYANDNGVDGEWTYDCATKTFTVTE,0.343563371
QYKLILNGKTLKGETTTEAVDAATAEKVFKQYANDNGVDGEWTYDEATKTFTVTE,0.11360575
QYKLILNGKTLKGETTTEAVDAATAEKVFKQYANDNGVDGEWTYDFATKTFTVTE,0.565343274
QYKLILNGKTLKGETTTEAVDAATAEKVFKQYANDNGVDGEWTYDGATKTFTVTE,0.4569991
QYKLILNGKTLKGETTTEAVDAATAEKVFKQYANDNGVDGEWTYDHATKTFTVTE,0.779290644
QYKLILNGKTLKGETTTEAVDAATAEKVFKQYANDNGVDGEWTYDIATKTFTVTE,0.362263588
QYKLILNGKTLKGETTTEAVDAATAEKVFKQYANDNGVDGEWTYDKATKTFTVTE,0.760830653
QYKLILNGKTLKGETTTEAVDAATAEKVFKQYANDNGVDGEWTYDLATKTFTVTE,0.41911622
QYKLILNGKTLKGETTTEAVDAATAEKVFKQYANDNGVDGEWTYDMATKTFTVTE,0.339230241
QYKLILNGKTLKGETTTEAVDAATAEKVFKQYANDNGVDGEWTYDNATKTFTVTE,0.507597176
QYKLILNGKTLKGETTTEAVDAATAEKVFKQYANDNGVDGEWTYDPATKTFTVTE,0.645736352
QYKLILNGKTLKGETTTEAVDAATAEKVFKQYANDNGVDGEWTYDQATKTFTVTE,0.533436863
QYKLILNGKTLKGETTTEAVDAATAEKVFKQYANDNGVDGEWTYDRATKTFTVTE,1.02796353
QYKLILNGKTLKGETTTEAVDAATAEKVFKQYANDNGVDGEWTYDSATKTFTVTE,0.582236698
QYKLILNGKTLKGETTTEAVDAATAEKVFKQYANDNGVDGEWTYDTATKTFTVTE,0.415671337
QYKLILNGKTLKGETTTEAVDAATAEKVFKQYANDNGVDGEWTYDVATKTFTVTE,0.420696671
QYKLILNGKTLKGETTTEAVDAATAEKVFKQYANDNGVDGEWTYDWATKTFTVTE,0.760353926
QYKLILNGKTLKGETTTEAVDAATAEKVFKQYANDNGVDGEWTYDYATKTFTVTE,0.553617475
QYKLILNGKTLKGETTTEAVDAATAEKVFKQYANDNGVDGEWTYDDCTKTFTVTE,0.185894997
QYKLILNGKTLKGETTTEAVDAATAEKVFKQYANDNGVDGEWTYDDDTKTFTVTE,0.093034796
QYKLILNGKTLKGETTTEAVDAATAEKVFKQYANDNGVDGEWTYDDETKTFTVTE,0.143588484
QYKLILNGKTLKGETTTEAVDAATAEKVFKQYANDNGVDGEWTYDDFTKTFTVTE,0.321358207
QYKLILNGKTLKGETTTEAVDAATAEKVFKQYANDNGVDGEWTYDDGTKTFTVTE,0.213462044
QYKLILNGKTLKGETTTEAVDAATAEKVFKQYANDNGVDGEWTYDDHTKTFTVTE,0.308856176
QYKLILNGKTLKGETTTEAVDAATAEKVFKQYANDNGVDGEWTYDDITKTFTVTE,0.31554799
QYKLILNGKTLKGETTTEAVDAATAEKVFKQYANDNGVDGEWTYDDKTKTFTVTE,0.291192238
QYKLILNGKTLKGETTTEAVDAATAEKVFKQYANDNGVDGEWTYDDLTKTFTVTE,0.280192831
QYKLILNGKTLKGETTTEAVDAATAEKVFKQYANDNGVDGEWTYDDMTKTFTVTE,0.264603838
QYKLILNGKTLKGETTTEAVDAATAEKVFKQYANDNGVDGEWTYDDNTKTFTVTE,0.226574655
QYKLILNGKTLKGETTTEAVDAATAEKVFKQYANDNGVDGEWTYDDPTKTFTVTE,0.238066292
QYKLILNGKTLKGETTTEAVDAATAEKVFKQYANDNGVDGEWTYDDQTKTFTVTE,0.272493991
QYKLILNGKTLKGETTTEAVDAATAEKVFKQYANDNGVDGEWTYDDRTKTFTVTE,0.292849686
QYKLILNGKTLKGETTTEAVDAATAEKVFKQYANDNGVDGEWTYDDSTKTFTVTE,0.240385229
QYKLILNGKTLKGETTTEAVDAATAEKVFKQYANDNGVDGEWTYDDTTKTFTVTE,0.259583807
QYKLILNGKTLKGETTTEAVDAATAEKVFKQYANDNGVDGEWTYDDVTKTFTVTE,0.29377785
QYKLILNGKTLKGETTTEAVDAATAEKVFKQYANDNGVDGEWTYDDWTKTFTVTE,0.269691599
QYKLILNGKTLKGETTTEAVDAATAEKVFKQYANDNGVDGEWTYDDYTKTFTVTE,0.270721023
QYKLILNGKTLKGETTTEAVDAATAEKVFKQYANDNGVDGEWTYDDAAKTFTVTE,0.162328902
QYKLILNGKTLKGETTTEAVDAATAEKVFKQYANDNGVDGEWTYDDACKTFTVTE,0.211551952
QYKLILNGKTLKGETTTEAVDAATAEKVFKQYANDNGVDGEWTYDDADKTFTVTE,0.073330986
QYKLILNGKTLKGETTTEAVDAATAEKVFKQYANDNGVDGEWTYDDAEKTFTVTE,0.159043334
QYKLILNGKTLKGETTTEAVDAATAEKVFKQYANDNGVDGEWTYDDAFKTFTVTE,0.188447932
QYKLILNGKTLKGETTTEAVDAATAEKVFKQYANDNGVDGEWTYDDAGKTFTVTE,0.154177628
QYKLILNGKTLKGETTTEAVDAATAEKVFKQYANDNGVDGEWTYDDAHKTFTVTE,0.24174843
QYKLILNGKTLKGETTTEAVDAATAEKVFKQYANDNGVDGEWTYDDAIKTFTVTE,0.359169906
QYKLILNGKTLKGETTTEAVDAATAEKVFKQYANDNGVDGEWTYDDAKKTFTVTE,0.291774847
QYKLILNGKTLKGETTTEAVDAATAEKVFKQYANDNGVDGEWTYDDALKTFTVTE,0.232392922
QYKLILNGKTLKGETTTEAVDAATAEKVFKQYANDNGVDGEWTYDDAMKTFTVTE,0.175340612
QYKLILNGKTLKGETTTEAVDAATAEKVFKQYANDNGVDGEWTYDDANKTFTVTE,0.148879693
QYKLILNGKTLKGETTTEAVDAATAEKVFKQYANDNGVDGEWTYDDAPKTFTVTE,-0.012908762
QYKLILNGKTLKGETTTEAVDAATAEKVFKQYANDNGVDGEWTYDDAQKTFTVTE,0.199123514
QYKLILNGKTLKGETTTEAVDAATAEKVFKQYANDNGVDGEWTYDDARKTFTVTE,0.269613947
QYKLILNGKTLKGETTTEAVDAATAEKVFKQYANDNGVDGEWTYDDASKTFTVTE,0.261671644
QYKLILNGKTLKGETTTEAVDAATAEKVFKQYANDNGVDGEWTYDDAVKTFTVTE,0.138106167
QYKLILNGKTLKGETTTEAVDAATAEKVFKQYANDNGVDGEWTYDDAWKTFTVTE,0.261705701
QYKLILNGKTLKGETTTEAVDAATAEKVFKQYANDNGVDGEWTYDDAYKTFTVTE,0.246562629
QYKLILNGKTLKGETTTEAVDAATAEKVFKQYANDNGVDGEWTYDDATATFTVTE,0.149243483
QYKLILNGKTLKGETTTEAVDAATAEKVFKQYANDNGVDGEWTYDDATCTFTVTE,-0.033626619
QYKLILNGKTLKGETTTEAVDAATAEKVFKQYANDNGVDGEWTYDDATDTFTVTE,-0.049807875
QYKLILNGKTLKGETTTEAVDAATAEKVFKQYANDNGVDGEWTYDDATETFTVTE,0.005766384
QYKLILNGKTLKGETTTEAVDAATAEKVFKQYANDNGVDGEWTYDDATFTFTVTE,-0.281169539
QYKLILNGKTLKGETTTEAVDAATAEKVFKQYANDNGVDGEWTYDDATGTFTVTE,0.445551776
QYKLILNGKTLKGETTTEAVDAATAEKVFKQYANDNGVDGEWTYDDATHTFTVTE,0.166930074
QYKLILNGKTLKGETTTEAVDAATAEKVFKQYANDNGVDGEWTYDDATITFTVTE,-0.175195225
QYKLILNGKTLKGETTTEAVDAATAEKVFKQYANDNGVDGEWTYDDATLTFTVTE,-0.117067869
QYKLILNGKTLKGETTTEAVDAATAEKVFKQYANDNGVDGEWTYDDATMTFTVTE,-0.226668534
QYKLILNGKTLKGETTTEAVDAATAEKVFKQYANDNGVDGEWTYDDATNTFTVTE,-0.045270485
QYKLILNGKTLKGETTTEAVDAATAEKVFKQYANDNGVDGEWTYDDATPTFTVTE,-0.96250555
QYKLILNGKTLKGETTTEAVDAATAEKVFKQYANDNGVDGEWTYDDATQTFTVTE,0.076635747
QYKLILNGKTLKGETTTEAVDAATAEKVFKQYANDNGVDGEWTYDDATRTFTVTE,0.287537758
QYKLILNGKTLKGETTTEAVDAATAEKVFKQYANDNGVDGEWTYDDATSTFTVTE,0.096033261
QYKLILNGKTLKGETTTEAVDAATAEKVFKQYANDNGVDGEWTYDDATTTFTVTE,0.006215246
QYKLILNGKTLKGETTTEAVDAATAEKVFKQYANDNGVDGEWTYDDATVTFTVTE,0.063100123
QYKLILNGKTLKGETTTEAVDAATAEKVFKQYANDNGVDGEWTYDDATWTFTVTE,-0.052691785
QYKLILNGKTLKGETTTEAVDAATAEKVFKQYANDNGVDGEWTYDDATYTFTVTE,-0.183368143
QYKLILNGKTLKGETTTEAVDAATAEKVFKQYANDNGVDGEWTYDDATKAFTVTE,-0.179435735
QYKLILNGKTLKGETTTEAVDAATAEKVFKQYANDNGVDGEWTYDDATKCFTVTE,0.160199552
QYKLILNGKTLKGETTTEAVDAATAEKVFKQYANDNGVDGEWTYDDATKDFTVTE,0.208904683
QYKLILNGKTLKGETTTEAVDAATAEKVFKQYANDNGVDGEWTYDDATKEFTVTE,0.427449938
QYKLILNGKTLKGETTTEAVDAATAEKVFKQYANDNGVDGEWTYDDATKFFTVTE,0.4596847
QYKLILNGKTLKGETTTEAVDAATAEKVFKQYANDNGVDGEWTYDDATKGFTVTE,0.06538975
QYKLILNGKTLKGETTTEAVDAATAEKVFKQYANDNGVDGEWTYDDATKHFTVTE,0.51729527
QYKLILNGKTLKGETTTEAVDAATAEKVFKQYANDNGVDGEWTYDDATKIFTVTE,0.566206235
QYKLILNGKTLKGETTTEAVDAATAEKVFKQYANDNGVDGEWTYDDATKKFTVTE,0.522367875
QYKLILNGKTLKGETTTEAVDAATAEKVFKQYANDNGVDGEWTYDDATKLFTVTE,0.732692853
QYKLILNGKTLKGETTTEAVDAATAEKVFKQYANDNGVDGEWTYDDATKMFTVTE,0.605784616
QYKLILNGKTLKGETTTEAVDAATAEKVFKQYANDNGVDGEWTYDDATKNFTVTE,0.333891127
QYKLILNGKTLKGETTTEAVDAATAEKVFKQYANDNGVDGEWTYDDATKPFTVTE,-3.911012161
QYKLILNGKTLKGETTTEAVDAATAEKVFKQYANDNGVDGEWTYDDATKQFTVTE,0.516345837
QYKLILNGKTLKGETTTEAVDAATAEKVFKQYANDNGVDGEWTYDDATKRFTVTE,0.522068306
QYKLILNGKTLKGETTTEAVDAATAEKVFKQYANDNGVDGEWTYDDATKSFTVTE,-0.130993907
QYKLILNGKTLKGETTTEAVDAATAEKVFKQYANDNGVDGEWTYDDATKVFTVTE,0.586626623
QYKLILNGKTLKGETTTEAVDAATAEKVFKQYANDNGVDGEWTYDDATKWFTVTE,0.542682164
QYKLILNGKTLKGETTTEAVDAATAEKVFKQYANDNGVDGEWTYDDATKYFTVTE,0.48757763
QYKLILNGKTLKGETTTEAVDAATAEKVFKQYANDNGVDGEWTYDDATKTATVTE,-4.041205208
QYKLILNGKTLKGETTTEAVDAATAEKVFKQYANDNGVDGEWTYDDATKTCTVTE,-3.803158907
QYKLILNGKTLKGETTTEAVDAATAEKVFKQYANDNGVDGEWTYDDATKTDTVTE,-4.605170186
QYKLILNGKTLKGETTTEAVDAATAEKVFKQYANDNGVDGEWTYDDATKTETVTE,-4.605170186
QYKLILNGKTLKGETTTEAVDAATAEKVFKQYANDNGVDGEWTYDDATKTGTVTE,-4.605170186
QYKLILNGKTLKGETTTEAVDAATAEKVFKQYANDNGVDGEWTYDDATKTHTVTE,-3.806384988
QYKLILNGKTLKGETTTEAVDAATAEKVFKQYANDNGVDGEWTYDDATKTITVTE,-2.816113893
QYKLILNGKTLKGETTTEAVDAATAEKVFKQYANDNGVDGEWTYDDATKTKTVTE,-4.605170186
QYKLILNGKTLKGETTTEAVDAATAEKVFKQYANDNGVDGEWTYDDATKTLTVTE,-1.554821207
QYKLILNGKTLKGETTTEAVDAATAEKVFKQYANDNGVDGEWTYDDATKTMTVTE,-1.693693485
QYKLILNGKTLKGETTTEAVDAATAEKVFKQYANDNGVDGEWTYDDATKTNTVTE,-4.605170186
QYKLILNGKTLKGETTTEAVDAATAEKVFKQYANDNGVDGEWTYDDATKTPTVTE,-4.605170186
QYKLILNGKTLKGETTTEAVDAATAEKVFKQYANDNGVDGEWTYDDATKTQTVTE,-4.605170186
QYKLILNGKTLKGETTTEAVDAATAEKVFKQYANDNGVDGEWTYDDATKTRTVTE,-4.605170186
QYKLILNGKTLKGETTTEAVDAATAEKVFKQYANDNGVDGEWTYDDATKTSTVTE,-4.605170186
QYKLILNGKTLKGETTTEAVDAATAEKVFKQYANDNGVDGEWTYDDATKTTTVTE,-4.605170186
QYKLILNGKTLKGETTTEAVDAATAEKVFKQYANDNGVDGEWTYDDATKTVTVTE,-3.428487279
QYKLILNGKTLKGETTTEAVDAATAEKVFKQYANDNGVDGEWTYDDATKTWTVTE,-4.605170186
QYKLILNGKTLKGETTTEAVDAATAEKVFKQYANDNGVDGEWTYDDATKTYTVTE,-2.25122698
QYKLILNGKTLKGETTTEAVDAATAEKVFKQYANDNGVDGEWTYDDATKTFAVTE,0.003941361
QYKLILNGKTLKGETTTEAVDAATAEKVFKQYANDNGVDGEWTYDDATKTFCVTE,-0.080249272
QYKLILNGKTLKGETTTEAVDAATAEKVFKQYANDNGVDGEWTYDDATKTFDVTE,-0.459391315
QYKLILNGKTLKGETTTEAVDAATAEKVFKQYANDNGVDGEWTYDDATKTFEVTE,-0.03788661
QYKLILNGKTLKGETTTEAVDAATAEKVFKQYANDNGVDGEWTYDDATKTFFVTE,-0.614827872
QYKLILNGKTLKGETTTEAVDAATAEKVFKQYANDNGVDGEWTYDDATKTFGVTE,0.575837063
QYKLILNGKTLKGETTTEAVDAATAEKVFKQYANDNGVDGEWTYDDATKTFHVTE,-0.388604238
QYKLILNGKTLKGETTTEAVDAATAEKVFKQYANDNGVDGEWTYDDATKTFIVTE,-0.275246826
QYKLILNGKTLKGETTTEAVDAATAEKVFKQYANDNGVDGEWTYDDATKTFKVTE,-0.048593891
QYKLILNGKTLKGETTTEAVDAATAEKVFKQYANDNGVDGEWTYDDATKTFLVTE,-0.586841734
QYKLILNGKTLKGETTTEAVDAATAEKVFKQYANDNGVDGEWTYDDATKTFMVTE,-0.222122849
QYKLILNGKTLKGETTTEAVDAATAEKVFKQYANDNGVDGEWTYDDATKTFNVTE,-0.26928756
QYKLILNGKTLKGETTTEAVDAATAEKVFKQYANDNGVDGEWTYDDATKTFPVTE,-4.605170186
QYKLILNGKTLKGETTTEAVDAATAEKVFKQYANDNGVDGEWTYDDATKTFQVTE,0.021635383
QYKLILNGKTLKGETTTEAVDAATAEKVFKQYANDNGVDGEWTYDDATKTFRVTE,-0.100389112
QYKLILNGKTLKGETTTEAVDAATAEKVFKQYANDNGVDGEWTYDDATKTFSVTE,0.158989851
QYKLILNGKTLKGETTTEAVDAATAEKVFKQYANDNGVDGEWTYDDATKTFVVTE,0.063536845
QYKLILNGKTLKGETTTEAVDAATAEKVFKQYANDNGVDGEWTYDDATKTFWVTE,0.006816867
QYKLILNGKTLKGETTTEAVDAATAEKVFKQYANDNGVDGEWTYDDATKTFYVTE,-0.533688652
QYKLILNGKTLKGETTTEAVDAATAEKVFKQYANDNGVDGEWTYDDATKTFTATE,0.169679798
QYKLILNGKTLKGETTTEAVDAATAEKVFKQYANDNGVDGEWTYDDATKTFTCTE,0.199095812
QYKLILNGKTLKGETTTEAVDAATAEKVFKQYANDNGVDGEWTYDDATKTFTDTE,-3.603716984
QYKLILNGKTLKGETTTEAVDAATAEKVFKQYANDNGVDGEWTYDDATKTFTETE,-3.490951764
QYKLILNGKTLKGETTTEAVDAATAEKVFKQYANDNGVDGEWTYDDATKTFTFTE,-0.344771614
QYKLILNGKTLKGETTTEAVDAATAEKVFKQYANDNGVDGEWTYDDATKTFTGTE,-1.47221549
QYKLILNGKTLKGETTTEAVDAATAEKVFKQYANDNGVDGEWTYDDATKTFTHTE,-1.968428782
QYKLILNGKTLKGETTTEAVDAATAEKVFKQYANDNGVDGEWTYDDATKTFTITE,-1.12251296
QYKLILNGKTLKGETTTEAVDAATAEKVFKQYANDNGVDGEWTYDDATKTFTKTE,-4.605170186
QYKLILNGKTLKGETTTEAVDAATAEKVFKQYANDNGVDGEWTYDDATKTFTLTE,-1.113621757
QYKLILNGKTLKGETTTEAVDAATAEKVFKQYANDNGVDGEWTYDDATKTFTMTE,-0.682316321
QYKLILNGKTLKGETTTEAVDAATAEKVFKQYANDNGVDGEWTYDDATKTFTNTE,-1.638527231
QYKLILNGKTLKGETTTEAVDAATAEKVFKQYANDNGVDGEWTYDDATKTFTPTE,-4.605170186
QYKLILNGKTLKGETTTEAVDAATAEKVFKQYANDNGVDGEWTYDDATKTFTQTE,-2.232325643
QYKLILNGKTLKGETTTEAVDAATAEKVFKQYANDNGVDGEWTYDDATKTFTRTE,-4.605170186
QYKLILNGKTLKGETTTEAVDAATAEKVFKQYANDNGVDGEWTYDDATKTFTSTE,-0.848945066
QYKLILNGKTLKGETTTEAVDAATAEKVFKQYANDNGVDGEWTYDDATKTFTTTE,-0.633107192
QYKLILNGKTLKGETTTEAVDAATAEKVFKQYANDNGVDGEWTYDDATKTFTWTE,-0.5039629
QYKLILNGKTLKGETTTEAVDAATAEKVFKQYANDNGVDGEWTYDDATKTFTYTE,-3.704211711
QYKLILNGKTLKGETTTEAVDAATAEKVFKQYANDNGVDGEWTYDDATKTFTVAE,-0.381341798
QYKLILNGKTLKGETTTEAVDAATAEKVFKQYANDNGVDGEWTYDDATKTFTVCE,-0.356054127
QYKLILNGKTLKGETTTEAVDAATAEKVFKQYANDNGVDGEWTYDDATKTFTVDE,-0.673544596
QYKLILNGKTLKGETTTEAVDAATAEKVFKQYANDNGVDGEWTYDDATKTFTVEE,-0.481259179
QYKLILNGKTLKGETTTEAVDAATAEKVFKQYANDNGVDGEWTYDDATKTFTVFE,-0.502754554
QYKLILNGKTLKGETTTEAVDAATAEKVFKQYANDNGVDGEWTYDDATKTFTVGE,-0.793164066
QYKLILNGKTLKGETTTEAVDAATAEKVFKQYANDNGVDGEWTYDDATKTFTVHE,-0.516140071
QYKLILNGKTLKGETTTEAVDAATAEKVFKQYANDNGVDGEWTYDDATKTFTVIE,-0.596183267
QYKLILNGKTLKGETTTEAVDAATAEKVFKQYANDNGVDGEWTYDDATKTFTVKE,-0.16386185
QYKLILNGKTLKGETTTEAVDAATAEKVFKQYANDNGVDGEWTYDDATKTFTVLE,-0.533488297
QYKLILNGKTLKGETTTEAVDAATAEKVFKQYANDNGVDGEWTYDDATKTFTVME,-0.475579238
QYKLILNGKTLKGETTTEAVDAATAEKVFKQYANDNGVDGEWTYDDATKTFTVNE,-0.486292975
QYKLILNGKTLKGETTTEAVDAATAEKVFKQYANDNGVDGEWTYDDATKTFTVPE,-3.416743501
QYKLILNGKTLKGETTTEAVDAATAEKVFKQYANDNGVDGEWTYDDATKTFTVQE,-0.383345033
QYKLILNGKTLKGETTTEAVDAATAEKVFKQYANDNGVDGEWTYDDATKTFTVRE,-0.060764807
QYKLILNGKTLKGETTTEAVDAATAEKVFKQYANDNGVDGEWTYDDATKTFTVSE,-0.174728852
QYKLILNGKTLKGETTTEAVDAATAEKVFKQYANDNGVDGEWTYDDATKTFTVVE,-0.40140988
QYKLILNGKTLKGETTTEAVDAATAEKVFKQYANDNGVDGEWTYDDATKTFTVWE,-0.225421185
QYKLILNGKTLKGETTTEAVDAATAEKVFKQYANDNGVDGEWTYDDATKTFTVYE,-0.411469973
QYKLILNGKTLKGETTTEAVDAATAEKVFKQYANDNGVDGEWTYDDATKTFTVTA,-1.183226171
QYKLILNGKTLKGETTTEAVDAATAEKVFKQYANDNGVDGEWTYDDATKTFTVTC,-1.574622102
QYKLILNGKTLKGETTTEAVDAATAEKVFKQYANDNGVDGEWTYDDATKTFTVTD,-1.766827057
QYKLILNGKTLKGETTTEAVDAATAEKVFKQYANDNGVDGEWTYDDATKTFTVTF,-1.57375756
QYKLILNGKTLKGETTTEAVDAATAEKVFKQYANDNGVDGEWTYDDATKTFTVTG,-1.464473171
QYKLILNGKTLKGETTTEAVDAATAEKVFKQYANDNGVDGEWTYDDATKTFTVTH,-1.410585693
QYKLILNGKTLKGETTTEAVDAATAEKVFKQYANDNGVDGEWTYDDATKTFTVTI,-1.991460692
QYKLILNGKTLKGETTTEAVDAATAEKVFKQYANDNGVDGEWTYDDATKTFTVTK,-1.356511706
QYKLILNGKTLKGETTTEAVDAATAEKVFKQYANDNGVDGEWTYDDATKTFTVTL,-1.986377755
QYKLILNGKTLKGETTTEAVDAATAEKVFKQYANDNGVDGEWTYDDATKTFTVTM,-1.76229134
QYKLILNGKTLKGETTTEAVDAATAEKVFKQYANDNGVDGEWTYDDATKTFTVTN,-1.551448367
QYKLILNGKTLKGETTTEAVDAATAEKVFKQYANDNGVDGEWTYDDATKTFTVTP,-1.954639708
QYKLILNGKTLKGETTTEAVDAATAEKVFKQYANDNGVDGEWTYDDATKTFTVTQ,-0.898399607
QYKLILNGKTLKGETTTEAVDAATAEKVFKQYANDNGVDGEWTYDDATKTFTVTR,-1.321969595
QYKLILNGKTLKGETTTEAVDAATAEKVFKQYANDNGVDGEWTYDDATKTFTVTS,-1.031649164
QYKLILNGKTLKGETTTEAVDAATAEKVFKQYANDNGVDGEWTYDDATKTFTVTT,-0.890695834
QYKLILNGKTLKGETTTEAVDAATAEKVFKQYANDNGVDGEWTYDDATKTFTVTV,-1.394270573
QYKLILNGKTLKGETTTEAVDAATAEKVFKQYANDNGVDGEWTYDDATKTFTVTW,-1.201233357
QYKLILNGKTLKGETTTEAVDAATAEKVFKQYANDNGVDGEWTYDDATKTFTVTY,-1.661674726