,x,y
0,AYKLILNGKTLKGETTTEAVDAATAEKVFKQYANDNGVDGEWTYDDATKTFTVTE,0.6021423293344459
1,CYKLILNGKTLKGETTTEAVDAATAEKVFKQYANDNGVDGEWTYDDATKTFTVTE,0.03484221667623112
2,DYKLILNGKTLKGETTTEAVDAATAEKVFKQYANDNGVDGEWTYDDATKTFTVTE,-0.1349279704541534
3,EYKLILNGKTLKGETTTEAVDAATAEKVFKQYANDNGVDGEWTYDDATKTFTVTE,-0.07150717984970996
4,FYKLILNGKTLKGETTTEAVDAATAEKVFKQYANDNGVDGEWTYDDATKTFTVTE,0.693266575121157
5,GYKLILNGKTLKGETTTEAVDAATAEKVFKQYANDNGVDGEWTYDDATKTFTVTE,0.3670169121684185
6,HYKLILNGKTLKGETTTEAVDAATAEKVFKQYANDNGVDGEWTYDDATKTFTVTE,0.2941719233834347
7,IYKLILNGKTLKGETTTEAVDAATAEKVFKQYANDNGVDGEWTYDDATKTFTVTE,0.34464200144087775
8,KYKLILNGKTLKGETTTEAVDAATAEKVFKQYANDNGVDGEWTYDDATKTFTVTE,0.41203421623158965
9,LYKLILNGKTLKGETTTEAVDAATAEKVFKQYANDNGVDGEWTYDDATKTFTVTE,0.4586362174656825
10,MYKLILNGKTLKGETTTEAVDAATAEKVFKQYANDNGVDGEWTYDDATKTFTVTE,0.5306867362934994
11,NYKLILNGKTLKGETTTEAVDAATAEKVFKQYANDNGVDGEWTYDDATKTFTVTE,0.17828037848912368
12,PYKLILNGKTLKGETTTEAVDAATAEKVFKQYANDNGVDGEWTYDDATKTFTVTE,0.5098621101957875
13,RYKLILNGKTLKGETTTEAVDAATAEKVFKQYANDNGVDGEWTYDDATKTFTVTE,0.6305303475665412
14,SYKLILNGKTLKGETTTEAVDAATAEKVFKQYANDNGVDGEWTYDDATKTFTVTE,0.3503856825505476
15,TYKLILNGKTLKGETTTEAVDAATAEKVFKQYANDNGVDGEWTYDDATKTFTVTE,0.4064617320347511
16,VYKLILNGKTLKGETTTEAVDAATAEKVFKQYANDNGVDGEWTYDDATKTFTVTE,0.2340167586048894
17,WYKLILNGKTLKGETTTEAVDAATAEKVFKQYANDNGVDGEWTYDDATKTFTVTE,0.5420096411619945
18,YYKLILNGKTLKGETTTEAVDAATAEKVFKQYANDNGVDGEWTYDDATKTFTVTE,0.4777565227314728
19,QAKLILNGKTLKGETTTEAVDAATAEKVFKQYANDNGVDGEWTYDDATKTFTVTE,-0.7892040576912875
20,QCKLILNGKTLKGETTTEAVDAATAEKVFKQYANDNGVDGEWTYDDATKTFTVTE,-0.6981207060048185
21,QDKLILNGKTLKGETTTEAVDAATAEKVFKQYANDNGVDGEWTYDDATKTFTVTE,-6.706350405012695
22,QEKLILNGKTLKGETTTEAVDAATAEKVFKQYANDNGVDGEWTYDDATKTFTVTE,-6.8094922444720165
23,QFKLILNGKTLKGETTTEAVDAATAEKVFKQYANDNGVDGEWTYDDATKTFTVTE,0.07629208303572498
24,QGKLILNGKTLKGETTTEAVDAATAEKVFKQYANDNGVDGEWTYDDATKTFTVTE,-4.873828281000344
25,QHKLILNGKTLKGETTTEAVDAATAEKVFKQYANDNGVDGEWTYDDATKTFTVTE,0.2027111271749282
26,QIKLILNGKTLKGETTTEAVDAATAEKVFKQYANDNGVDGEWTYDDATKTFTVTE,-1.797296578951795
27,QKKLILNGKTLKGETTTEAVDAATAEKVFKQYANDNGVDGEWTYDDATKTFTVTE,-4.264663343683415
28,QLKLILNGKTLKGETTTEAVDAATAEKVFKQYANDNGVDGEWTYDDATKTFTVTE,-0.3384788429381685
29,QMKLILNGKTLKGETTTEAVDAATAEKVFKQYANDNGVDGEWTYDDATKTFTVTE,-0.7278322862202324
30,QNKLILNGKTLKGETTTEAVDAATAEKVFKQYANDNGVDGEWTYDDATKTFTVTE,-3.168684642540845
31,QPKLILNGKTLKGETTTEAVDAATAEKVFKQYANDNGVDGEWTYDDATKTFTVTE,-3.8658229222707905
32,QQKLILNGKTLKGETTTEAVDAATAEKVFKQYANDNGVDGEWTYDDATKTFTVTE,-2.466009146511195
33,QRKLILNGKTLKGETTTEAVDAATAEKVFKQYANDNGVDGEWTYDDATKTFTVTE,-3.6094025270199803
34,QSKLILNGKTLKGETTTEAVDAATAEKVFKQYANDNGVDGEWTYDDATKTFTVTE,-1.849868181472617
35,QTKLILNGKTLKGETTTEAVDAATAEKVFKQYANDNGVDGEWTYDDATKTFTVTE,-2.730259190148606
36,QVKLILNGKTLKGETTTEAVDAATAEKVFKQYANDNGVDGEWTYDDATKTFTVTE,-1.7115002436302202
37,QWKLILNGKTLKGETTTEAVDAATAEKVFKQYANDNGVDGEWTYDDATKTFTVTE,0.1555786516342435
38,QYALILNGKTLKGETTTEAVDAATAEKVFKQYANDNGVDGEWTYDDATKTFTVTE,-0.5113041114672957
39,QYCLILNGKTLKGETTTEAVDAATAEKVFKQYANDNGVDGEWTYDDATKTFTVTE,-0.39397018864041267
40,QYDLILNGKTLKGETTTEAVDAATAEKVFKQYANDNGVDGEWTYDDATKTFTVTE,-0.781217797460956
41,QYELILNGKTLKGETTTEAVDAATAEKVFKQYANDNGVDGEWTYDDATKTFTVTE,-0.7181230827027923
42,QYFLILNGKTLKGETTTEAVDAATAEKVFKQYANDNGVDGEWTYDDATKTFTVTE,-0.39170773756345806
43,QYGLILNGKTLKGETTTEAVDAATAEKVFKQYANDNGVDGEWTYDDATKTFTVTE,-0.8220376827638836
44,QYHLILNGKTLKGETTTEAVDAATAEKVFKQYANDNGVDGEWTYDDATKTFTVTE,-0.41047589515351557
45,QYILILNGKTLKGETTTEAVDAATAEKVFKQYANDNGVDGEWTYDDATKTFTVTE,-0.0511923681282457
46,QYLLILNGKTLKGETTTEAVDAATAEKVFKQYANDNGVDGEWTYDDATKTFTVTE,0.41179149440921425
47,QYMLILNGKTLKGETTTEAVDAATAEKVFKQYANDNGVDGEWTYDDATKTFTVTE,-0.06132769222089973
48,QYNLILNGKTLKGETTTEAVDAATAEKVFKQYANDNGVDGEWTYDDATKTFTVTE,-0.5301312457897391
49,QYPLILNGKTLKGETTTEAVDAATAEKVFKQYANDNGVDGEWTYDDATKTFTVTE,-4.945346372169237
50,QYQLILNGKTLKGETTTEAVDAATAEKVFKQYANDNGVDGEWTYDDATKTFTVTE,-0.15671002717945381
51,QYRLILNGKTLKGETTTEAVDAATAEKVFKQYANDNGVDGEWTYDDATKTFTVTE,0.02963848990145247
52,QYSLILNGKTLKGETTTEAVDAATAEKVFKQYANDNGVDGEWTYDDATKTFTVTE,-0.42407404230019063
53,QYTLILNGKTLKGETTTEAVDAATAEKVFKQYANDNGVDGEWTYDDATKTFTVTE,-0.255711880612388
54,QYVLILNGKTLKGETTTEAVDAATAEKVFKQYANDNGVDGEWTYDDATKTFTVTE,-0.049980923433714505
55,QYWLILNGKTLKGETTTEAVDAATAEKVFKQYANDNGVDGEWTYDDATKTFTVTE,-0.10246786500166824
56,QYYLILNGKTLKGETTTEAVDAATAEKVFKQYANDNGVDGEWTYDDATKTFTVTE,-0.3729169858535945
57,QYKAILNGKTLKGETTTEAVDAATAEKVFKQYANDNGVDGEWTYDDATKTFTVTE,-0.8224650764462607
58,QYKCILNGKTLKGETTTEAVDAATAEKVFKQYANDNGVDGEWTYDDATKTFTVTE,-0.3588505761399948
59,QYKDILNGKTLKGETTTEAVDAATAEKVFKQYANDNGVDGEWTYDDATKTFTVTE,-7.99413517278985
60,QYKEILNGKTLKGETTTEAVDAATAEKVFKQYANDNGVDGEWTYDDATKTFTVTE,-7.10145883124008
61,QYKFILNGKTLKGETTTEAVDAATAEKVFKQYANDNGVDGEWTYDDATKTFTVTE,-0.942597480180965
62,QYKGILNGKTLKGETTTEAVDAATAEKVFKQYANDNGVDGEWTYDDATKTFTVTE,-2.162958929156165
63,QYKHILNGKTLKGETTTEAVDAATAEKVFKQYANDNGVDGEWTYDDATKTFTVTE,-2.419035167480288
64,QYKIILNGKTLKGETTTEAVDAATAEKVFKQYANDNGVDGEWTYDDATKTFTVTE,-2.278848148500506
65,QYKKILNGKTLKGETTTEAVDAATAEKVFKQYANDNGVDGEWTYDDATKTFTVTE,-6.170596885050179
66,QYKMILNGKTLKGETTTEAVDAATAEKVFKQYANDNGVDGEWTYDDATKTFTVTE,-1.4405418695436596
67,QYKNILNGKTLKGETTTEAVDAATAEKVFKQYANDNGVDGEWTYDDATKTFTVTE,-1.356466585010688
68,QYKPILNGKTLKGETTTEAVDAATAEKVFKQYANDNGVDGEWTYDDATKTFTVTE,-7.132629180885234
69,QYKQILNGKTLKGETTTEAVDAATAEKVFKQYANDNGVDGEWTYDDATKTFTVTE,-2.308649290606921
70,QYKRILNGKTLKGETTTEAVDAATAEKVFKQYANDNGVDGEWTYDDATKTFTVTE,-6.610204132994678
71,QYKSILNGKTLKGETTTEAVDAATAEKVFKQYANDNGVDGEWTYDDATKTFTVTE,-1.2128360737363597
72,QYKTILNGKTLKGETTTEAVDAATAEKVFKQYANDNGVDGEWTYDDATKTFTVTE,-0.7758977473173175
73,QYKVILNGKTLKGETTTEAVDAATAEKVFKQYANDNGVDGEWTYDDATKTFTVTE,-0.46497695111877446
74,QYKWILNGKTLKGETTTEAVDAATAEKVFKQYANDNGVDGEWTYDDATKTFTVTE,-4.375891248894171
75,QYKYILNGKTLKGETTTEAVDAATAEKVFKQYANDNGVDGEWTYDDATKTFTVTE,-3.5971495877612827
76,QYKLALNGKTLKGETTTEAVDAATAEKVFKQYANDNGVDGEWTYDDATKTFTVTE,-0.44511370058862626
77,QYKLCLNGKTLKGETTTEAVDAATAEKVFKQYANDNGVDGEWTYDDATKTFTVTE,-0.21075148686921585
78,QYKLDLNGKTLKGETTTEAVDAATAEKVFKQYANDNGVDGEWTYDDATKTFTVTE,-0.5396829625430442
79,QYKLELNGKTLKGETTTEAVDAATAEKVFKQYANDNGVDGEWTYDDATKTFTVTE,0.1906007937630599
80,QYKLFLNGKTLKGETTTEAVDAATAEKVFKQYANDNGVDGEWTYDDATKTFTVTE,0.33858445585511376
81,QYKLGLNGKTLKGETTTEAVDAATAEKVFKQYANDNGVDGEWTYDDATKTFTVTE,0.19589594804566618
82,QYKLHLNGKTLKGETTTEAVDAATAEKVFKQYANDNGVDGEWTYDDATKTFTVTE,0.12434548972336867
83,QYKLKLNGKTLKGETTTEAVDAATAEKVFKQYANDNGVDGEWTYDDATKTFTVTE,0.12012222382571938
84,QYKLLLNGKTLKGETTTEAVDAATAEKVFKQYANDNGVDGEWTYDDATKTFTVTE,0.5050257980120986
85,QYKLMLNGKTLKGETTTEAVDAATAEKVFKQYANDNGVDGEWTYDDATKTFTVTE,-0.26773070119716547
86,QYKLNLNGKTLKGETTTEAVDAATAEKVFKQYANDNGVDGEWTYDDATKTFTVTE,-0.2635138486791916
87,QYKLPLNGKTLKGETTTEAVDAATAEKVFKQYANDNGVDGEWTYDDATKTFTVTE,-7.922837920296469
88,QYKLQLNGKTLKGETTTEAVDAATAEKVFKQYANDNGVDGEWTYDDATKTFTVTE,0.13885441975359936
89,QYKLRLNGKTLKGETTTEAVDAATAEKVFKQYANDNGVDGEWTYDDATKTFTVTE,0.13825500406465255
90,QYKLSLNGKTLKGETTTEAVDAATAEKVFKQYANDNGVDGEWTYDDATKTFTVTE,-0.37811737765681286
91,QYKLTLNGKTLKGETTTEAVDAATAEKVFKQYANDNGVDGEWTYDDATKTFTVTE,0.1046534673100737
92,QYKLVLNGKTLKGETTTEAVDAATAEKVFKQYANDNGVDGEWTYDDATKTFTVTE,0.07750720081915662
93,QYKLWLNGKTLKGETTTEAVDAATAEKVFKQYANDNGVDGEWTYDDATKTFTVTE,0.28844999570675933
94,QYKLYLNGKTLKGETTTEAVDAATAEKVFKQYANDNGVDGEWTYDDATKTFTVTE,0.49646954078662786
95,QYKLIANGKTLKGETTTEAVDAATAEKVFKQYANDNGVDGEWTYDDATKTFTVTE,-0.10082839251028697
96,QYKLICNGKTLKGETTTEAVDAATAEKVFKQYANDNGVDGEWTYDDATKTFTVTE,0.050951945339892175
97,QYKLIDNGKTLKGETTTEAVDAATAEKVFKQYANDNGVDGEWTYDDATKTFTVTE,-5.412613835193969
98,QYKLIENGKTLKGETTTEAVDAATAEKVFKQYANDNGVDGEWTYDDATKTFTVTE,-2.897117532258028
99,QYKLIFNGKTLKGETTTEAVDAATAEKVFKQYANDNGVDGEWTYDDATKTFTVTE,-1.4256053083677875
100,QYKLIGNGKTLKGETTTEAVDAATAEKVFKQYANDNGVDGEWTYDDATKTFTVTE,-1.9032461733230763
101,QYKLIHNGKTLKGETTTEAVDAATAEKVFKQYANDNGVDGEWTYDDATKTFTVTE,-4.201276778534073
102,QYKLIINGKTLKGETTTEAVDAATAEKVFKQYANDNGVDGEWTYDDATKTFTVTE,0.7648031877687063
103,QYKLIKNGKTLKGETTTEAVDAATAEKVFKQYANDNGVDGEWTYDDATKTFTVTE,-1.939865939684732
104,QYKLIMNGKTLKGETTTEAVDAATAEKVFKQYANDNGVDGEWTYDDATKTFTVTE,-1.2758366854049599
105,QYKLINNGKTLKGETTTEAVDAATAEKVFKQYANDNGVDGEWTYDDATKTFTVTE,-2.274780304623105
106,QYKLIPNGKTLKGETTTEAVDAATAEKVFKQYANDNGVDGEWTYDDATKTFTVTE,-0.9422651648644131
107,QYKLIQNGKTLKGETTTEAVDAATAEKVFKQYANDNGVDGEWTYDDATKTFTVTE,-2.465939412036441
108,QYKLIRNGKTLKGETTTEAVDAATAEKVFKQYANDNGVDGEWTYDDATKTFTVTE,-3.0851586712427146
109,QYKLISNGKTLKGETTTEAVDAATAEKVFKQYANDNGVDGEWTYDDATKTFTVTE,-0.6454047970341464
110,QYKLITNGKTLKGETTTEAVDAATAEKVFKQYANDNGVDGEWTYDDATKTFTVTE,-0.23330218736745606
111,QYKLIVNGKTLKGETTTEAVDAATAEKVFKQYANDNGVDGEWTYDDATKTFTVTE,0.3298022937675641
112,QYKLIWNGKTLKGETTTEAVDAATAEKVFKQYANDNGVDGEWTYDDATKTFTVTE,-4.085506526610941
113,QYKLIYNGKTLKGETTTEAVDAATAEKVFKQYANDNGVDGEWTYDDATKTFTVTE,-3.0325120824106597
114,QYKLILAGKTLKGETTTEAVDAATAEKVFKQYANDNGVDGEWTYDDATKTFTVTE,0.03160934889840774
115,QYKLILCGKTLKGETTTEAVDAATAEKVFKQYANDNGVDGEWTYDDATKTFTVTE,0.15103736190333744
116,QYKLILDGKTLKGETTTEAVDAATAEKVFKQYANDNGVDGEWTYDDATKTFTVTE,-0.08886724457937627
117,QYKLILEGKTLKGETTTEAVDAATAEKVFKQYANDNGVDGEWTYDDATKTFTVTE,-0.09716168926854926
118,QYKLILFGKTLKGETTTEAVDAATAEKVFKQYANDNGVDGEWTYDDATKTFTVTE,0.6728426083773269
119,QYKLILGGKTLKGETTTEAVDAATAEKVFKQYANDNGVDGEWTYDDATKTFTVTE,-0.12811775470208683
120,QYKLILHGKTLKGETTTEAVDAATAEKVFKQYANDNGVDGEWTYDDATKTFTVTE,0.38474175483009565
121,QYKLILIGKTLKGETTTEAVDAATAEKVFKQYANDNGVDGEWTYDDATKTFTVTE,-0.1354978012565643
122,QYKLILKGKTLKGETTTEAVDAATAEKVFKQYANDNGVDGEWTYDDATKTFTVTE,0.372408107523674
123,QYKLILLGKTLKGETTTEAVDAATAEKVFKQYANDNGVDGEWTYDDATKTFTVTE,-0.054160709780313884
124,QYKLILMGKTLKGETTTEAVDAATAEKVFKQYANDNGVDGEWTYDDATKTFTVTE,-0.4245072206393666
125,QYKLILPGKTLKGETTTEAVDAATAEKVFKQYANDNGVDGEWTYDDATKTFTVTE,-5.490521074968579
126,QYKLILQGKTLKGETTTEAVDAATAEKVFKQYANDNGVDGEWTYDDATKTFTVTE,0.13402922435692732
127,QYKLILRGKTLKGETTTEAVDAATAEKVFKQYANDNGVDGEWTYDDATKTFTVTE,0.5054595923118351
128,QYKLILSGKTLKGETTTEAVDAATAEKVFKQYANDNGVDGEWTYDDATKTFTVTE,-0.09222710475639093
129,QYKLILTGKTLKGETTTEAVDAATAEKVFKQYANDNGVDGEWTYDDATKTFTVTE,-0.5994282382256313
130,QYKLILVGKTLKGETTTEAVDAATAEKVFKQYANDNGVDGEWTYDDATKTFTVTE,-0.1543310402846716
131,QYKLILWGKTLKGETTTEAVDAATAEKVFKQYANDNGVDGEWTYDDATKTFTVTE,0.34295720045962724
132,QYKLILYGKTLKGETTTEAVDAATAEKVFKQYANDNGVDGEWTYDDATKTFTVTE,0.6615606055856247
133,QYKLILNAKTLKGETTTEAVDAATAEKVFKQYANDNGVDGEWTYDDATKTFTVTE,-0.32598455709028873
134,QYKLILNCKTLKGETTTEAVDAATAEKVFKQYANDNGVDGEWTYDDATKTFTVTE,-0.6580722918864318
135,QYKLILNDKTLKGETTTEAVDAATAEKVFKQYANDNGVDGEWTYDDATKTFTVTE,-2.9122421192949832
136,QYKLILNEKTLKGETTTEAVDAATAEKVFKQYANDNGVDGEWTYDDATKTFTVTE,-3.143884412693049
137,QYKLILNFKTLKGETTTEAVDAATAEKVFKQYANDNGVDGEWTYDDATKTFTVTE,-1.950623023084598
138,QYKLILNHKTLKGETTTEAVDAATAEKVFKQYANDNGVDGEWTYDDATKTFTVTE,-2.271591432088932
139,QYKLILNIKTLKGETTTEAVDAATAEKVFKQYANDNGVDGEWTYDDATKTFTVTE,-2.855850959946426
140,QYKLILNKKTLKGETTTEAVDAATAEKVFKQYANDNGVDGEWTYDDATKTFTVTE,-3.028111256487997
141,QYKLILNLKTLKGETTTEAVDAATAEKVFKQYANDNGVDGEWTYDDATKTFTVTE,-2.3519720366937187
142,QYKLILNMKTLKGETTTEAVDAATAEKVFKQYANDNGVDGEWTYDDATKTFTVTE,-2.759739734536434
143,QYKLILNNKTLKGETTTEAVDAATAEKVFKQYANDNGVDGEWTYDDATKTFTVTE,-3.041938663852347
144,QYKLILNPKTLKGETTTEAVDAATAEKVFKQYANDNGVDGEWTYDDATKTFTVTE,-2.0712397259139466
145,QYKLILNQKTLKGETTTEAVDAATAEKVFKQYANDNGVDGEWTYDDATKTFTVTE,-2.968039274972415
146,QYKLILNRKTLKGETTTEAVDAATAEKVFKQYANDNGVDGEWTYDDATKTFTVTE,-2.0304305599045462
147,QYKLILNSKTLKGETTTEAVDAATAEKVFKQYANDNGVDGEWTYDDATKTFTVTE,-1.2838525373535459
148,QYKLILNTKTLKGETTTEAVDAATAEKVFKQYANDNGVDGEWTYDDATKTFTVTE,-1.7083655239457824
149,QYKLILNVKTLKGETTTEAVDAATAEKVFKQYANDNGVDGEWTYDDATKTFTVTE,-2.6779944865133425
150,QYKLILNWKTLKGETTTEAVDAATAEKVFKQYANDNGVDGEWTYDDATKTFTVTE,-1.8904988223877892
151,QYKLILNYKTLKGETTTEAVDAATAEKVFKQYANDNGVDGEWTYDDATKTFTVTE,-1.9955728238976689
152,QYKLILNGATLKGETTTEAVDAATAEKVFKQYANDNGVDGEWTYDDATKTFTVTE,-0.08076265590768812
153,QYKLILNGCTLKGETTTEAVDAATAEKVFKQYANDNGVDGEWTYDDATKTFTVTE,-0.022654374742413174
154,QYKLILNGDTLKGETTTEAVDAATAEKVFKQYANDNGVDGEWTYDDATKTFTVTE,-0.06628407557707769
155,QYKLILNGETLKGETTTEAVDAATAEKVFKQYANDNGVDGEWTYDDATKTFTVTE,-0.18922518366194455
156,QYKLILNGFTLKGETTTEAVDAATAEKVFKQYANDNGVDGEWTYDDATKTFTVTE,-0.02349011584398138
157,QYKLILNGGTLKGETTTEAVDAATAEKVFKQYANDNGVDGEWTYDDATKTFTVTE,-0.5695432396910296
158,QYKLILNGHTLKGETTTEAVDAATAEKVFKQYANDNGVDGEWTYDDATKTFTVTE,0.13961353465233453
159,QYKLILNGITLKGETTTEAVDAATAEKVFKQYANDNGVDGEWTYDDATKTFTVTE,0.0767417084642952
160,QYKLILNGLTLKGETTTEAVDAATAEKVFKQYANDNGVDGEWTYDDATKTFTVTE,0.08603209147868837
161,QYKLILNGMTLKGETTTEAVDAATAEKVFKQYANDNGVDGEWTYDDATKTFTVTE,-0.48824847009368266
162,QYKLILNGNTLKGETTTEAVDAATAEKVFKQYANDNGVDGEWTYDDATKTFTVTE,0.19745753411714478
163,QYKLILNGPTLKGETTTEAVDAATAEKVFKQYANDNGVDGEWTYDDATKTFTVTE,-1.3257425505130929
164,QYKLILNGQTLKGETTTEAVDAATAEKVFKQYANDNGVDGEWTYDDATKTFTVTE,-0.021862606095656243
165,QYKLILNGRTLKGETTTEAVDAATAEKVFKQYANDNGVDGEWTYDDATKTFTVTE,0.6560638222607676
166,QYKLILNGSTLKGETTTEAVDAATAEKVFKQYANDNGVDGEWTYDDATKTFTVTE,-0.1471405095931279
167,QYKLILNGTTLKGETTTEAVDAATAEKVFKQYANDNGVDGEWTYDDATKTFTVTE,0.11130224690204528
168,QYKLILNGVTLKGETTTEAVDAATAEKVFKQYANDNGVDGEWTYDDATKTFTVTE,0.14653833965085722
169,QYKLILNGWTLKGETTTEAVDAATAEKVFKQYANDNGVDGEWTYDDATKTFTVTE,0.14764533982137215
170,QYKLILNGYTLKGETTTEAVDAATAEKVFKQYANDNGVDGEWTYDDATKTFTVTE,0.046936281816485355
171,QYKLILNGKALKGETTTEAVDAATAEKVFKQYANDNGVDGEWTYDDATKTFTVTE,-1.5195248827101118
172,QYKLILNGKCLKGETTTEAVDAATAEKVFKQYANDNGVDGEWTYDDATKTFTVTE,-1.322661226399237
173,QYKLILNGKDLKGETTTEAVDAATAEKVFKQYANDNGVDGEWTYDDATKTFTVTE,-1.6016506972462246
174,QYKLILNGKELKGETTTEAVDAATAEKVFKQYANDNGVDGEWTYDDATKTFTVTE,-1.7006557766289656
175,QYKLILNGKFLKGETTTEAVDAATAEKVFKQYANDNGVDGEWTYDDATKTFTVTE,-1.3694219848859472
176,QYKLILNGKGLKGETTTEAVDAATAEKVFKQYANDNGVDGEWTYDDATKTFTVTE,-1.8395264315717277
177,QYKLILNGKHLKGETTTEAVDAATAEKVFKQYANDNGVDGEWTYDDATKTFTVTE,-1.398006873277144
178,QYKLILNGKILKGETTTEAVDAATAEKVFKQYANDNGVDGEWTYDDATKTFTVTE,-1.486114391774199
179,QYKLILNGKKLKGETTTEAVDAATAEKVFKQYANDNGVDGEWTYDDATKTFTVTE,-1.376047410550497
180,QYKLILNGKLLKGETTTEAVDAATAEKVFKQYANDNGVDGEWTYDDATKTFTVTE,-1.457017347492687
181,QYKLILNGKMLKGETTTEAVDAATAEKVFKQYANDNGVDGEWTYDDATKTFTVTE,-2.073143455966566
182,QYKLILNGKNLKGETTTEAVDAATAEKVFKQYANDNGVDGEWTYDDATKTFTVTE,-1.3101241452422874
183,QYKLILNGKPLKGETTTEAVDAATAEKVFKQYANDNGVDGEWTYDDATKTFTVTE,-2.4671875776553924
184,QYKLILNGKQLKGETTTEAVDAATAEKVFKQYANDNGVDGEWTYDDATKTFTVTE,-1.4336722514141713
185,QYKLILNGKRLKGETTTEAVDAATAEKVFKQYANDNGVDGEWTYDDATKTFTVTE,-1.2802597820536676
186,QYKLILNGKSLKGETTTEAVDAATAEKVFKQYANDNGVDGEWTYDDATKTFTVTE,-0.4344879683171758
187,QYKLILNGKVLKGETTTEAVDAATAEKVFKQYANDNGVDGEWTYDDATKTFTVTE,-1.3546834346637213
188,QYKLILNGKWLKGETTTEAVDAATAEKVFKQYANDNGVDGEWTYDDATKTFTVTE,-1.3132395397196839
189,QYKLILNGKYLKGETTTEAVDAATAEKVFKQYANDNGVDGEWTYDDATKTFTVTE,-1.2691204348360035
190,QYKLILNGKTAKGETTTEAVDAATAEKVFKQYANDNGVDGEWTYDDATKTFTVTE,-2.4667374898696237
191,QYKLILNGKTCKGETTTEAVDAATAEKVFKQYANDNGVDGEWTYDDATKTFTVTE,-1.7395660440658647
192,QYKLILNGKTDKGETTTEAVDAATAEKVFKQYANDNGVDGEWTYDDATKTFTVTE,-2.908895765939636
193,QYKLILNGKTEKGETTTEAVDAATAEKVFKQYANDNGVDGEWTYDDATKTFTVTE,-2.6229934426326724
194,QYKLILNGKTFKGETTTEAVDAATAEKVFKQYANDNGVDGEWTYDDATKTFTVTE,-1.408671242863351
195,QYKLILNGKTGKGETTTEAVDAATAEKVFKQYANDNGVDGEWTYDDATKTFTVTE,-2.4822108313004128
196,QYKLILNGKTHKGETTTEAVDAATAEKVFKQYANDNGVDGEWTYDDATKTFTVTE,-2.4604885695374357
197,QYKLILNGKTIKGETTTEAVDAATAEKVFKQYANDNGVDGEWTYDDATKTFTVTE,-1.1540181242395866
198,QYKLILNGKTKKGETTTEAVDAATAEKVFKQYANDNGVDGEWTYDDATKTFTVTE,-2.3470247051848507
199,QYKLILNGKTMKGETTTEAVDAATAEKVFKQYANDNGVDGEWTYDDATKTFTVTE,-1.843747483966035
200,QYKLILNGKTNKGETTTEAVDAATAEKVFKQYANDNGVDGEWTYDDATKTFTVTE,-2.812517864999756
201,QYKLILNGKTPKGETTTEAVDAATAEKVFKQYANDNGVDGEWTYDDATKTFTVTE,-3.255754055908859
202,QYKLILNGKTQKGETTTEAVDAATAEKVFKQYANDNGVDGEWTYDDATKTFTVTE,-2.2372637892318408
203,QYKLILNGKTRKGETTTEAVDAATAEKVFKQYANDNGVDGEWTYDDATKTFTVTE,-2.350648823349478
204,QYKLILNGKTSKGETTTEAVDAATAEKVFKQYANDNGVDGEWTYDDATKTFTVTE,-2.4758762521757
205,QYKLILNGKTTKGETTTEAVDAATAEKVFKQYANDNGVDGEWTYDDATKTFTVTE,-2.135882903415523
206,QYKLILNGKTVKGETTTEAVDAATAEKVFKQYANDNGVDGEWTYDDATKTFTVTE,-1.5900339928038527
207,QYKLILNGKTWKGETTTEAVDAATAEKVFKQYANDNGVDGEWTYDDATKTFTVTE,-2.6478069400004625
208,QYKLILNGKTYKGETTTEAVDAATAEKVFKQYANDNGVDGEWTYDDATKTFTVTE,-2.922859747980222
209,QYKLILNGKTLAGETTTEAVDAATAEKVFKQYANDNGVDGEWTYDDATKTFTVTE,-0.020754315275217865
210,QYKLILNGKTLCGETTTEAVDAATAEKVFKQYANDNGVDGEWTYDDATKTFTVTE,0.23210076738165086
211,QYKLILNGKTLDGETTTEAVDAATAEKVFKQYANDNGVDGEWTYDDATKTFTVTE,-0.8525040600412294
212,QYKLILNGKTLEGETTTEAVDAATAEKVFKQYANDNGVDGEWTYDDATKTFTVTE,-0.2600181756518
213,QYKLILNGKTLFGETTTEAVDAATAEKVFKQYANDNGVDGEWTYDDATKTFTVTE,-0.2807580223770221
214,QYKLILNGKTLGGETTTEAVDAATAEKVFKQYANDNGVDGEWTYDDATKTFTVTE,-0.4129995588199597
215,QYKLILNGKTLHGETTTEAVDAATAEKVFKQYANDNGVDGEWTYDDATKTFTVTE,-0.36176782039684174
216,QYKLILNGKTLIGETTTEAVDAATAEKVFKQYANDNGVDGEWTYDDATKTFTVTE,-0.17163670534522382
217,QYKLILNGKTLLGETTTEAVDAATAEKVFKQYANDNGVDGEWTYDDATKTFTVTE,-0.6564301038953299
218,QYKLILNGKTLMGETTTEAVDAATAEKVFKQYANDNGVDGEWTYDDATKTFTVTE,-0.1759169014972003
219,QYKLILNGKTLNGETTTEAVDAATAEKVFKQYANDNGVDGEWTYDDATKTFTVTE,0.16509411034134738
220,QYKLILNGKTLPGETTTEAVDAATAEKVFKQYANDNGVDGEWTYDDATKTFTVTE,-2.489244731641026
221,QYKLILNGKTLQGETTTEAVDAATAEKVFKQYANDNGVDGEWTYDDATKTFTVTE,-0.09796216552380262
222,QYKLILNGKTLRGETTTEAVDAATAEKVFKQYANDNGVDGEWTYDDATKTFTVTE,0.4964495702964539
223,QYKLILNGKTLSGETTTEAVDAATAEKVFKQYANDNGVDGEWTYDDATKTFTVTE,0.671574041327796
224,QYKLILNGKTLTGETTTEAVDAATAEKVFKQYANDNGVDGEWTYDDATKTFTVTE,0.7516415371777283
225,QYKLILNGKTLVGETTTEAVDAATAEKVFKQYANDNGVDGEWTYDDATKTFTVTE,0.1180734622862275
226,QYKLILNGKTLWGETTTEAVDAATAEKVFKQYANDNGVDGEWTYDDATKTFTVTE,0.8997008254949295
227,QYKLILNGKTLYGETTTEAVDAATAEKVFKQYANDNGVDGEWTYDDATKTFTVTE,-0.6989523058006064
228,QYKLILNGKTLKAETTTEAVDAATAEKVFKQYANDNGVDGEWTYDDATKTFTVTE,-2.1725221535261814
229,QYKLILNGKTLKCETTTEAVDAATAEKVFKQYANDNGVDGEWTYDDATKTFTVTE,-2.1628383865379
230,QYKLILNGKTLKDETTTEAVDAATAEKVFKQYANDNGVDGEWTYDDATKTFTVTE,-2.8853005685883404
231,QYKLILNGKTLKEETTTEAVDAATAEKVFKQYANDNGVDGEWTYDDATKTFTVTE,-2.0256242611908295
232,QYKLILNGKTLKFETTTEAVDAATAEKVFKQYANDNGVDGEWTYDDATKTFTVTE,-3.03682921152122
233,QYKLILNGKTLKHETTTEAVDAATAEKVFKQYANDNGVDGEWTYDDATKTFTVTE,-2.269056822297806
234,QYKLILNGKTLKIETTTEAVDAATAEKVFKQYANDNGVDGEWTYDDATKTFTVTE,-2.238335651121743
235,QYKLILNGKTLKKETTTEAVDAATAEKVFKQYANDNGVDGEWTYDDATKTFTVTE,-2.9573751885252997
236,QYKLILNGKTLKLETTTEAVDAATAEKVFKQYANDNGVDGEWTYDDATKTFTVTE,-2.836702342357095
237,QYKLILNGKTLKMETTTEAVDAATAEKVFKQYANDNGVDGEWTYDDATKTFTVTE,-3.6511717163712425
238,QYKLILNGKTLKNETTTEAVDAATAEKVFKQYANDNGVDGEWTYDDATKTFTVTE,-2.2183581316615193
239,QYKLILNGKTLKPETTTEAVDAATAEKVFKQYANDNGVDGEWTYDDATKTFTVTE,-3.5388538228412822
240,QYKLILNGKTLKQETTTEAVDAATAEKVFKQYANDNGVDGEWTYDDATKTFTVTE,-2.3116236984317062
241,QYKLILNGKTLKRETTTEAVDAATAEKVFKQYANDNGVDGEWTYDDATKTFTVTE,-2.5867205131306403
242,QYKLILNGKTLKSETTTEAVDAATAEKVFKQYANDNGVDGEWTYDDATKTFTVTE,-2.270253685852743
243,QYKLILNGKTLKTETTTEAVDAATAEKVFKQYANDNGVDGEWTYDDATKTFTVTE,-2.051678296452177
244,QYKLILNGKTLKVETTTEAVDAATAEKVFKQYANDNGVDGEWTYDDATKTFTVTE,-2.0647111503340008
245,QYKLILNGKTLKWETTTEAVDAATAEKVFKQYANDNGVDGEWTYDDATKTFTVTE,-1.8717259304043683
246,QYKLILNGKTLKYETTTEAVDAATAEKVFKQYANDNGVDGEWTYDDATKTFTVTE,-2.577120008946794
247,QYKLILNGKTLKGATTTEAVDAATAEKVFKQYANDNGVDGEWTYDDATKTFTVTE,-0.1580028821771715
248,QYKLILNGKTLKGCTTTEAVDAATAEKVFKQYANDNGVDGEWTYDDATKTFTVTE,0.3063147180903941
249,QYKLILNGKTLKGDTTTEAVDAATAEKVFKQYANDNGVDGEWTYDDATKTFTVTE,-0.7077481684268879
250,QYKLILNGKTLKGFTTTEAVDAATAEKVFKQYANDNGVDGEWTYDDATKTFTVTE,0.3060376971790728
251,QYKLILNGKTLKGGTTTEAVDAATAEKVFKQYANDNGVDGEWTYDDATKTFTVTE,-0.9851440347769518
252,QYKLILNGKTLKGHTTTEAVDAATAEKVFKQYANDNGVDGEWTYDDATKTFTVTE,0.7553921690404987
253,QYKLILNGKTLKGITTTEAVDAATAEKVFKQYANDNGVDGEWTYDDATKTFTVTE,0.48261820572597286
254,QYKLILNGKTLKGKTTTEAVDAATAEKVFKQYANDNGVDGEWTYDDATKTFTVTE,0.10286021069977301
255,QYKLILNGKTLKGLTTTEAVDAATAEKVFKQYANDNGVDGEWTYDDATKTFTVTE,-0.04764949158342023
256,QYKLILNGKTLKGMTTTEAVDAATAEKVFKQYANDNGVDGEWTYDDATKTFTVTE,-0.25993527013921247
257,QYKLILNGKTLKGNTTTEAVDAATAEKVFKQYANDNGVDGEWTYDDATKTFTVTE,-0.29013450218140724
258,QYKLILNGKTLKGPTTTEAVDAATAEKVFKQYANDNGVDGEWTYDDATKTFTVTE,-2.230843294813875
259,QYKLILNGKTLKGQTTTEAVDAATAEKVFKQYANDNGVDGEWTYDDATKTFTVTE,0.4558158046392484
260,QYKLILNGKTLKGRTTTEAVDAATAEKVFKQYANDNGVDGEWTYDDATKTFTVTE,0.5160315320387608
261,QYKLILNGKTLKGSTTTEAVDAATAEKVFKQYANDNGVDGEWTYDDATKTFTVTE,0.6143793801178937
262,QYKLILNGKTLKGTTTTEAVDAATAEKVFKQYANDNGVDGEWTYDDATKTFTVTE,0.5562716217141183
263,QYKLILNGKTLKGVTTTEAVDAATAEKVFKQYANDNGVDGEWTYDDATKTFTVTE,0.570296518738708
264,QYKLILNGKTLKGWTTTEAVDAATAEKVFKQYANDNGVDGEWTYDDATKTFTVTE,0.5374292493549181
265,QYKLILNGKTLKGYTTTEAVDAATAEKVFKQYANDNGVDGEWTYDDATKTFTVTE,0.733771865667628
266,QYKLILNGKTLKGEATTEAVDAATAEKVFKQYANDNGVDGEWTYDDATKTFTVTE,-1.1802988410326725
267,QYKLILNGKTLKGECTTEAVDAATAEKVFKQYANDNGVDGEWTYDDATKTFTVTE,-0.8879300171797901
268,QYKLILNGKTLKGEDTTEAVDAATAEKVFKQYANDNGVDGEWTYDDATKTFTVTE,-2.1787326195579206
269,QYKLILNGKTLKGEETTEAVDAATAEKVFKQYANDNGVDGEWTYDDATKTFTVTE,-1.1196605774447088
270,QYKLILNGKTLKGEFTTEAVDAATAEKVFKQYANDNGVDGEWTYDDATKTFTVTE,-1.3529264885776342
271,QYKLILNGKTLKGEGTTEAVDAATAEKVFKQYANDNGVDGEWTYDDATKTFTVTE,-1.1017278970093667
272,QYKLILNGKTLKGEHTTEAVDAATAEKVFKQYANDNGVDGEWTYDDATKTFTVTE,-0.8819129899124621
273,QYKLILNGKTLKGEITTEAVDAATAEKVFKQYANDNGVDGEWTYDDATKTFTVTE,-0.2575129786779786
274,QYKLILNGKTLKGEKTTEAVDAATAEKVFKQYANDNGVDGEWTYDDATKTFTVTE,-0.2851092638910979
275,QYKLILNGKTLKGELTTEAVDAATAEKVFKQYANDNGVDGEWTYDDATKTFTVTE,-0.393013276808639
276,QYKLILNGKTLKGEMTTEAVDAATAEKVFKQYANDNGVDGEWTYDDATKTFTVTE,-0.8883591744131754
277,QYKLILNGKTLKGENTTEAVDAATAEKVFKQYANDNGVDGEWTYDDATKTFTVTE,-1.14511068979461
278,QYKLILNGKTLKGEPTTEAVDAATAEKVFKQYANDNGVDGEWTYDDATKTFTVTE,-1.242565621333887
279,QYKLILNGKTLKGEQTTEAVDAATAEKVFKQYANDNGVDGEWTYDDATKTFTVTE,-0.5222409233983537
280,QYKLILNGKTLKGERTTEAVDAATAEKVFKQYANDNGVDGEWTYDDATKTFTVTE,0.006272075691495713
281,QYKLILNGKTLKGESTTEAVDAATAEKVFKQYANDNGVDGEWTYDDATKTFTVTE,-0.8264238741774131
282,QYKLILNGKTLKGEVTTEAVDAATAEKVFKQYANDNGVDGEWTYDDATKTFTVTE,-0.4380080773758424
283,QYKLILNGKTLKGEWTTEAVDAATAEKVFKQYANDNGVDGEWTYDDATKTFTVTE,-1.7205066975719319
284,QYKLILNGKTLKGEYTTEAVDAATAEKVFKQYANDNGVDGEWTYDDATKTFTVTE,-1.3585455511660218
285,QYKLILNGKTLKGETATEAVDAATAEKVFKQYANDNGVDGEWTYDDATKTFTVTE,0.2975182614234979
286,QYKLILNGKTLKGETCTEAVDAATAEKVFKQYANDNGVDGEWTYDDATKTFTVTE,0.15903406322066915
287,QYKLILNGKTLKGETDTEAVDAATAEKVFKQYANDNGVDGEWTYDDATKTFTVTE,-1.1938991642066998
288,QYKLILNGKTLKGETETEAVDAATAEKVFKQYANDNGVDGEWTYDDATKTFTVTE,-0.48159585206564737
289,QYKLILNGKTLKGETFTEAVDAATAEKVFKQYANDNGVDGEWTYDDATKTFTVTE,0.14426069904326924
290,QYKLILNGKTLKGETGTEAVDAATAEKVFKQYANDNGVDGEWTYDDATKTFTVTE,0.9080630571991902
291,QYKLILNGKTLKGETHTEAVDAATAEKVFKQYANDNGVDGEWTYDDATKTFTVTE,0.4247041352373213
292,QYKLILNGKTLKGETITEAVDAATAEKVFKQYANDNGVDGEWTYDDATKTFTVTE,-0.46767810980155755
293,QYKLILNGKTLKGETKTEAVDAATAEKVFKQYANDNGVDGEWTYDDATKTFTVTE,0.040963313927231494
294,QYKLILNGKTLKGETLTEAVDAATAEKVFKQYANDNGVDGEWTYDDATKTFTVTE,-0.2425202796011497
295,QYKLILNGKTLKGETMTEAVDAATAEKVFKQYANDNGVDGEWTYDDATKTFTVTE,-0.09184930077586512
296,QYKLILNGKTLKGETNTEAVDAATAEKVFKQYANDNGVDGEWTYDDATKTFTVTE,-0.36617878412352334
297,QYKLILNGKTLKGETPTEAVDAATAEKVFKQYANDNGVDGEWTYDDATKTFTVTE,-1.5110912565728498
298,QYKLILNGKTLKGETQTEAVDAATAEKVFKQYANDNGVDGEWTYDDATKTFTVTE,0.1294492457213695
299,QYKLILNGKTLKGETRTEAVDAATAEKVFKQYANDNGVDGEWTYDDATKTFTVTE,0.5241678913410194
300,QYKLILNGKTLKGETSTEAVDAATAEKVFKQYANDNGVDGEWTYDDATKTFTVTE,0.2091260894555491
301,QYKLILNGKTLKGETVTEAVDAATAEKVFKQYANDNGVDGEWTYDDATKTFTVTE,-0.3668679153884785
302,QYKLILNGKTLKGETWTEAVDAATAEKVFKQYANDNGVDGEWTYDDATKTFTVTE,0.5403303756700724
303,QYKLILNGKTLKGETYTEAVDAATAEKVFKQYANDNGVDGEWTYDDATKTFTVTE,0.15412501791695146
304,QYKLILNGKTLKGETTAEAVDAATAEKVFKQYANDNGVDGEWTYDDATKTFTVTE,0.147428586492714
305,QYKLILNGKTLKGETTCEAVDAATAEKVFKQYANDNGVDGEWTYDDATKTFTVTE,0.24308390575798472
306,QYKLILNGKTLKGETTDEAVDAATAEKVFKQYANDNGVDGEWTYDDATKTFTVTE,-1.8538216270909775
307,QYKLILNGKTLKGETTEEAVDAATAEKVFKQYANDNGVDGEWTYDDATKTFTVTE,-1.9340511200347927
308,QYKLILNGKTLKGETTFEAVDAATAEKVFKQYANDNGVDGEWTYDDATKTFTVTE,-0.12045082357799801
309,QYKLILNGKTLKGETTGEAVDAATAEKVFKQYANDNGVDGEWTYDDATKTFTVTE,-0.6289680043100104
310,QYKLILNGKTLKGETTHEAVDAATAEKVFKQYANDNGVDGEWTYDDATKTFTVTE,0.028925335909157517
311,QYKLILNGKTLKGETTIEAVDAATAEKVFKQYANDNGVDGEWTYDDATKTFTVTE,-0.21904859575686897
312,QYKLILNGKTLKGETTKEAVDAATAEKVFKQYANDNGVDGEWTYDDATKTFTVTE,0.1872532000679374
313,QYKLILNGKTLKGETTLEAVDAATAEKVFKQYANDNGVDGEWTYDDATKTFTVTE,-0.7657324984591345
314,QYKLILNGKTLKGETTMEAVDAATAEKVFKQYANDNGVDGEWTYDDATKTFTVTE,-1.4808576318111821
315,QYKLILNGKTLKGETTNEAVDAATAEKVFKQYANDNGVDGEWTYDDATKTFTVTE,-0.3031581998587376
316,QYKLILNGKTLKGETTPEAVDAATAEKVFKQYANDNGVDGEWTYDDATKTFTVTE,-4.647041996414301
317,QYKLILNGKTLKGETTQEAVDAATAEKVFKQYANDNGVDGEWTYDDATKTFTVTE,-0.5619960555295497
318,QYKLILNGKTLKGETTREAVDAATAEKVFKQYANDNGVDGEWTYDDATKTFTVTE,0.265019765990268
319,QYKLILNGKTLKGETTSEAVDAATAEKVFKQYANDNGVDGEWTYDDATKTFTVTE,-0.07751686088744433
320,QYKLILNGKTLKGETTVEAVDAATAEKVFKQYANDNGVDGEWTYDDATKTFTVTE,0.20270937936028288
321,QYKLILNGKTLKGETTWEAVDAATAEKVFKQYANDNGVDGEWTYDDATKTFTVTE,-0.0252725427795537
322,QYKLILNGKTLKGETTYEAVDAATAEKVFKQYANDNGVDGEWTYDDATKTFTVTE,-0.05166733369824317
323,QYKLILNGKTLKGETTTAAVDAATAEKVFKQYANDNGVDGEWTYDDATKTFTVTE,0.5469253392707725
324,QYKLILNGKTLKGETTTCAVDAATAEKVFKQYANDNGVDGEWTYDDATKTFTVTE,0.42130795942948374
325,QYKLILNGKTLKGETTTDAVDAATAEKVFKQYANDNGVDGEWTYDDATKTFTVTE,0.2500731803843547
326,QYKLILNGKTLKGETTTFAVDAATAEKVFKQYANDNGVDGEWTYDDATKTFTVTE,0.6438069629555234
327,QYKLILNGKTLKGETTTGAVDAATAEKVFKQYANDNGVDGEWTYDDATKTFTVTE,0.49556631579371824
328,QYKLILNGKTLKGETTTHAVDAATAEKVFKQYANDNGVDGEWTYDDATKTFTVTE,0.5742497874325997
329,QYKLILNGKTLKGETTTIAVDAATAEKVFKQYANDNGVDGEWTYDDATKTFTVTE,0.6645716874122541
330,QYKLILNGKTLKGETTTKAVDAATAEKVFKQYANDNGVDGEWTYDDATKTFTVTE,0.639802336359307
331,QYKLILNGKTLKGETTTLAVDAATAEKVFKQYANDNGVDGEWTYDDATKTFTVTE,0.6277981499109947
332,QYKLILNGKTLKGETTTMAVDAATAEKVFKQYANDNGVDGEWTYDDATKTFTVTE,0.23195614514033658
333,QYKLILNGKTLKGETTTNAVDAATAEKVFKQYANDNGVDGEWTYDDATKTFTVTE,0.591714749048788
334,QYKLILNGKTLKGETTTPAVDAATAEKVFKQYANDNGVDGEWTYDDATKTFTVTE,0.607211462923968
335,QYKLILNGKTLKGETTTQAVDAATAEKVFKQYANDNGVDGEWTYDDATKTFTVTE,0.5692235841851617
336,QYKLILNGKTLKGETTTRAVDAATAEKVFKQYANDNGVDGEWTYDDATKTFTVTE,0.6933808013672793
337,QYKLILNGKTLKGETTTSAVDAATAEKVFKQYANDNGVDGEWTYDDATKTFTVTE,0.48755973600430597
338,QYKLILNGKTLKGETTTTAVDAATAEKVFKQYANDNGVDGEWTYDDATKTFTVTE,0.4855630259825136
339,QYKLILNGKTLKGETTTVAVDAATAEKVFKQYANDNGVDGEWTYDDATKTFTVTE,0.6575217153797511
340,QYKLILNGKTLKGETTTWAVDAATAEKVFKQYANDNGVDGEWTYDDATKTFTVTE,0.6429446575078654
341,QYKLILNGKTLKGETTTYAVDAATAEKVFKQYANDNGVDGEWTYDDATKTFTVTE,0.6113360033005074
342,QYKLILNGKTLKGETTTECVDAATAEKVFKQYANDNGVDGEWTYDDATKTFTVTE,-0.16597917915980304
343,QYKLILNGKTLKGETTTEDVDAATAEKVFKQYANDNGVDGEWTYDDATKTFTVTE,-1.8372460314717836
344,QYKLILNGKTLKGETTTEEVDAATAEKVFKQYANDNGVDGEWTYDDATKTFTVTE,-1.3172623113589006
345,QYKLILNGKTLKGETTTEFVDAATAEKVFKQYANDNGVDGEWTYDDATKTFTVTE,-2.040166432862604
346,QYKLILNGKTLKGETTTEGVDAATAEKVFKQYANDNGVDGEWTYDDATKTFTVTE,-0.11839870536960717
347,QYKLILNGKTLKGETTTEHVDAATAEKVFKQYANDNGVDGEWTYDDATKTFTVTE,-0.7480009782382959
348,QYKLILNGKTLKGETTTEIVDAATAEKVFKQYANDNGVDGEWTYDDATKTFTVTE,-1.5899325752970428
349,QYKLILNGKTLKGETTTEKVDAATAEKVFKQYANDNGVDGEWTYDDATKTFTVTE,0.7139805488354528
350,QYKLILNGKTLKGETTTELVDAATAEKVFKQYANDNGVDGEWTYDDATKTFTVTE,-1.3235792242693898
351,QYKLILNGKTLKGETTTEMVDAATAEKVFKQYANDNGVDGEWTYDDATKTFTVTE,-0.8959674473143647
352,QYKLILNGKTLKGETTTENVDAATAEKVFKQYANDNGVDGEWTYDDATKTFTVTE,-0.3433276902877039
353,QYKLILNGKTLKGETTTEPVDAATAEKVFKQYANDNGVDGEWTYDDATKTFTVTE,-1.7077267912117677
354,QYKLILNGKTLKGETTTEQVDAATAEKVFKQYANDNGVDGEWTYDDATKTFTVTE,-0.1711928975442045
355,QYKLILNGKTLKGETTTERVDAATAEKVFKQYANDNGVDGEWTYDDATKTFTVTE,1.2462326057744308
356,QYKLILNGKTLKGETTTESVDAATAEKVFKQYANDNGVDGEWTYDDATKTFTVTE,0.16735878871862483
357,QYKLILNGKTLKGETTTETVDAATAEKVFKQYANDNGVDGEWTYDDATKTFTVTE,0.12382486399793
358,QYKLILNGKTLKGETTTEVVDAATAEKVFKQYANDNGVDGEWTYDDATKTFTVTE,0.08638056249624243
359,QYKLILNGKTLKGETTTEWVDAATAEKVFKQYANDNGVDGEWTYDDATKTFTVTE,-1.3401650412151391
360,QYKLILNGKTLKGETTTEYVDAATAEKVFKQYANDNGVDGEWTYDDATKTFTVTE,-1.678308924597225
361,QYKLILNGKTLKGETTTEAADAATAEKVFKQYANDNGVDGEWTYDDATKTFTVTE,-0.016573856603818736
362,QYKLILNGKTLKGETTTEACDAATAEKVFKQYANDNGVDGEWTYDDATKTFTVTE,0.13992419630771147
363,QYKLILNGKTLKGETTTEADDAATAEKVFKQYANDNGVDGEWTYDDATKTFTVTE,-0.42163271277152203
364,QYKLILNGKTLKGETTTEAEDAATAEKVFKQYANDNGVDGEWTYDDATKTFTVTE,-0.6026093853184346
365,QYKLILNGKTLKGETTTEAFDAATAEKVFKQYANDNGVDGEWTYDDATKTFTVTE,0.44160057685599624
366,QYKLILNGKTLKGETTTEAGDAATAEKVFKQYANDNGVDGEWTYDDATKTFTVTE,0.16315249928118591
367,QYKLILNGKTLKGETTTEAHDAATAEKVFKQYANDNGVDGEWTYDDATKTFTVTE,0.10710173254516285
368,QYKLILNGKTLKGETTTEAIDAATAEKVFKQYANDNGVDGEWTYDDATKTFTVTE,0.20426394396758785
369,QYKLILNGKTLKGETTTEAKDAATAEKVFKQYANDNGVDGEWTYDDATKTFTVTE,-0.010352156460392576
370,QYKLILNGKTLKGETTTEALDAATAEKVFKQYANDNGVDGEWTYDDATKTFTVTE,0.03578643158897521
371,QYKLILNGKTLKGETTTEAMDAATAEKVFKQYANDNGVDGEWTYDDATKTFTVTE,-0.3879923258482325
372,QYKLILNGKTLKGETTTEANDAATAEKVFKQYANDNGVDGEWTYDDATKTFTVTE,0.15103942225581246
373,QYKLILNGKTLKGETTTEAPDAATAEKVFKQYANDNGVDGEWTYDDATKTFTVTE,-0.12484751503099949
374,QYKLILNGKTLKGETTTEAQDAATAEKVFKQYANDNGVDGEWTYDDATKTFTVTE,-0.03643225857216025
375,QYKLILNGKTLKGETTTEARDAATAEKVFKQYANDNGVDGEWTYDDATKTFTVTE,0.6310808584961021
376,QYKLILNGKTLKGETTTEASDAATAEKVFKQYANDNGVDGEWTYDDATKTFTVTE,-0.0026057090902938613
377,QYKLILNGKTLKGETTTEATDAATAEKVFKQYANDNGVDGEWTYDDATKTFTVTE,-0.07077666309523152
378,QYKLILNGKTLKGETTTEAWDAATAEKVFKQYANDNGVDGEWTYDDATKTFTVTE,0.5350093832231168
379,QYKLILNGKTLKGETTTEAYDAATAEKVFKQYANDNGVDGEWTYDDATKTFTVTE,0.445840577995258
380,QYKLILNGKTLKGETTTEAVAAATAEKVFKQYANDNGVDGEWTYDDATKTFTVTE,0.728435311683945
381,QYKLILNGKTLKGETTTEAVCAATAEKVFKQYANDNGVDGEWTYDDATKTFTVTE,0.527671327939433
382,QYKLILNGKTLKGETTTEAVEAATAEKVFKQYANDNGVDGEWTYDDATKTFTVTE,0.6431907530944553
383,QYKLILNGKTLKGETTTEAVFAATAEKVFKQYANDNGVDGEWTYDDATKTFTVTE,0.5056187062087076
384,QYKLILNGKTLKGETTTEAVGAATAEKVFKQYANDNGVDGEWTYDDATKTFTVTE,0.5696465503746967
385,QYKLILNGKTLKGETTTEAVHAATAEKVFKQYANDNGVDGEWTYDDATKTFTVTE,0.5069500753028247
386,QYKLILNGKTLKGETTTEAVIAATAEKVFKQYANDNGVDGEWTYDDATKTFTVTE,0.524647004792625
387,QYKLILNGKTLKGETTTEAVKAATAEKVFKQYANDNGVDGEWTYDDATKTFTVTE,0.08529159055975195
388,QYKLILNGKTLKGETTTEAVLAATAEKVFKQYANDNGVDGEWTYDDATKTFTVTE,0.5712799632697136
389,QYKLILNGKTLKGETTTEAVMAATAEKVFKQYANDNGVDGEWTYDDATKTFTVTE,0.21884887248616738
390,QYKLILNGKTLKGETTTEAVNAATAEKVFKQYANDNGVDGEWTYDDATKTFTVTE,0.3222311084084031
391,QYKLILNGKTLKGETTTEAVPAATAEKVFKQYANDNGVDGEWTYDDATKTFTVTE,0.02339658468532138
392,QYKLILNGKTLKGETTTEAVQAATAEKVFKQYANDNGVDGEWTYDDATKTFTVTE,0.6551559514459961
393,QYKLILNGKTLKGETTTEAVRAATAEKVFKQYANDNGVDGEWTYDDATKTFTVTE,0.3148574401714292
394,QYKLILNGKTLKGETTTEAVSAATAEKVFKQYANDNGVDGEWTYDDATKTFTVTE,0.3238166225455829
395,QYKLILNGKTLKGETTTEAVTAATAEKVFKQYANDNGVDGEWTYDDATKTFTVTE,0.47882051830724137
396,QYKLILNGKTLKGETTTEAVVAATAEKVFKQYANDNGVDGEWTYDDATKTFTVTE,0.6274497106139717
397,QYKLILNGKTLKGETTTEAVWAATAEKVFKQYANDNGVDGEWTYDDATKTFTVTE,0.7139174278426897
398,QYKLILNGKTLKGETTTEAVYAATAEKVFKQYANDNGVDGEWTYDDATKTFTVTE,0.5053288114819614
399,QYKLILNGKTLKGETTTEAVDCATAEKVFKQYANDNGVDGEWTYDDATKTFTVTE,-1.5358835880552792
400,QYKLILNGKTLKGETTTEAVDDATAEKVFKQYANDNGVDGEWTYDDATKTFTVTE,-1.3005238607350338
401,QYKLILNGKTLKGETTTEAVDEATAEKVFKQYANDNGVDGEWTYDDATKTFTVTE,-1.9126503353486497
402,QYKLILNGKTLKGETTTEAVDFATAEKVFKQYANDNGVDGEWTYDDATKTFTVTE,-6.911249942895136
403,QYKLILNGKTLKGETTTEAVDGATAEKVFKQYANDNGVDGEWTYDDATKTFTVTE,-0.9604073853444604
404,QYKLILNGKTLKGETTTEAVDHATAEKVFKQYANDNGVDGEWTYDDATKTFTVTE,-3.8081440377158877
405,QYKLILNGKTLKGETTTEAVDIATAEKVFKQYANDNGVDGEWTYDDATKTFTVTE,-3.5541221923562407
406,QYKLILNGKTLKGETTTEAVDKATAEKVFKQYANDNGVDGEWTYDDATKTFTVTE,-3.9761714378811908
407,QYKLILNGKTLKGETTTEAVDLATAEKVFKQYANDNGVDGEWTYDDATKTFTVTE,-3.5844696768342073
408,QYKLILNGKTLKGETTTEAVDMATAEKVFKQYANDNGVDGEWTYDDATKTFTVTE,-4.8065238536534345
409,QYKLILNGKTLKGETTTEAVDNATAEKVFKQYANDNGVDGEWTYDDATKTFTVTE,-0.8447990919281593
410,QYKLILNGKTLKGETTTEAVDPATAEKVFKQYANDNGVDGEWTYDDATKTFTVTE,0.1047848725029915
411,QYKLILNGKTLKGETTTEAVDQATAEKVFKQYANDNGVDGEWTYDDATKTFTVTE,-3.6046831700262754
412,QYKLILNGKTLKGETTTEAVDRATAEKVFKQYANDNGVDGEWTYDDATKTFTVTE,-4.062325213698998
413,QYKLILNGKTLKGETTTEAVDSATAEKVFKQYANDNGVDGEWTYDDATKTFTVTE,-0.2263816603394541
414,QYKLILNGKTLKGETTTEAVDTATAEKVFKQYANDNGVDGEWTYDDATKTFTVTE,-1.5411868340482826
415,QYKLILNGKTLKGETTTEAVDVATAEKVFKQYANDNGVDGEWTYDDATKTFTVTE,-1.9795831593794102
416,QYKLILNGKTLKGETTTEAVDWATAEKVFKQYANDNGVDGEWTYDDATKTFTVTE,-7.411000240482741
417,QYKLILNGKTLKGETTTEAVDYATAEKVFKQYANDNGVDGEWTYDDATKTFTVTE,-7.192820576427691
418,QYKLILNGKTLKGETTTEAVDACTAEKVFKQYANDNGVDGEWTYDDATKTFTVTE,0.9626377440777916
419,QYKLILNGKTLKGETTTEAVDADTAEKVFKQYANDNGVDGEWTYDDATKTFTVTE,0.10102818067323802
420,QYKLILNGKTLKGETTTEAVDAETAEKVFKQYANDNGVDGEWTYDDATKTFTVTE,1.8174628482206872
421,QYKLILNGKTLKGETTTEAVDAFTAEKVFKQYANDNGVDGEWTYDDATKTFTVTE,1.8687538906032786
422,QYKLILNGKTLKGETTTEAVDAGTAEKVFKQYANDNGVDGEWTYDDATKTFTVTE,1.2998740566399876
423,QYKLILNGKTLKGETTTEAVDAHTAEKVFKQYANDNGVDGEWTYDDATKTFTVTE,1.8953453821571546
424,QYKLILNGKTLKGETTTEAVDAITAEKVFKQYANDNGVDGEWTYDDATKTFTVTE,0.5483164260167689
425,QYKLILNGKTLKGETTTEAVDAKTAEKVFKQYANDNGVDGEWTYDDATKTFTVTE,-2.6718447254980107
426,QYKLILNGKTLKGETTTEAVDALTAEKVFKQYANDNGVDGEWTYDDATKTFTVTE,0.38290152026680097
427,QYKLILNGKTLKGETTTEAVDAMTAEKVFKQYANDNGVDGEWTYDDATKTFTVTE,1.1033744539143502
428,QYKLILNGKTLKGETTTEAVDANTAEKVFKQYANDNGVDGEWTYDDATKTFTVTE,1.288691615668961
429,QYKLILNGKTLKGETTTEAVDAPTAEKVFKQYANDNGVDGEWTYDDATKTFTVTE,1.7941355981201403
430,QYKLILNGKTLKGETTTEAVDAQTAEKVFKQYANDNGVDGEWTYDDATKTFTVTE,1.4854752971912193
431,QYKLILNGKTLKGETTTEAVDARTAEKVFKQYANDNGVDGEWTYDDATKTFTVTE,-1.0756268241759155
432,QYKLILNGKTLKGETTTEAVDASTAEKVFKQYANDNGVDGEWTYDDATKTFTVTE,1.0606492013758317
433,QYKLILNGKTLKGETTTEAVDATTAEKVFKQYANDNGVDGEWTYDDATKTFTVTE,1.282686970448956
434,QYKLILNGKTLKGETTTEAVDAVTAEKVFKQYANDNGVDGEWTYDDATKTFTVTE,0.7072471742332798
435,QYKLILNGKTLKGETTTEAVDAWTAEKVFKQYANDNGVDGEWTYDDATKTFTVTE,2.100385442784079
436,QYKLILNGKTLKGETTTEAVDAYTAEKVFKQYANDNGVDGEWTYDDATKTFTVTE,2.328243167096818
437,QYKLILNGKTLKGETTTEAVDAAAAEKVFKQYANDNGVDGEWTYDDATKTFTVTE,0.21212121243994142
438,QYKLILNGKTLKGETTTEAVDAACAEKVFKQYANDNGVDGEWTYDDATKTFTVTE,0.49054442307819474
439,QYKLILNGKTLKGETTTEAVDAADAEKVFKQYANDNGVDGEWTYDDATKTFTVTE,-1.4039695229442883
440,QYKLILNGKTLKGETTTEAVDAAEAEKVFKQYANDNGVDGEWTYDDATKTFTVTE,-1.5045575223017966
441,QYKLILNGKTLKGETTTEAVDAAFAEKVFKQYANDNGVDGEWTYDDATKTFTVTE,0.8413487280214325
442,QYKLILNGKTLKGETTTEAVDAAGAEKVFKQYANDNGVDGEWTYDDATKTFTVTE,-0.1032996608659711
443,QYKLILNGKTLKGETTTEAVDAAHAEKVFKQYANDNGVDGEWTYDDATKTFTVTE,0.5027631131905727
444,QYKLILNGKTLKGETTTEAVDAAIAEKVFKQYANDNGVDGEWTYDDATKTFTVTE,0.5954816486967898
445,QYKLILNGKTLKGETTTEAVDAAKAEKVFKQYANDNGVDGEWTYDDATKTFTVTE,0.3011272076276344
446,QYKLILNGKTLKGETTTEAVDAALAEKVFKQYANDNGVDGEWTYDDATKTFTVTE,0.16854164720352238
447,QYKLILNGKTLKGETTTEAVDAAMAEKVFKQYANDNGVDGEWTYDDATKTFTVTE,1.0362589066093741
448,QYKLILNGKTLKGETTTEAVDAANAEKVFKQYANDNGVDGEWTYDDATKTFTVTE,-0.07412221429464379
449,QYKLILNGKTLKGETTTEAVDAAPAEKVFKQYANDNGVDGEWTYDDATKTFTVTE,0.25862424751908647
450,QYKLILNGKTLKGETTTEAVDAAQAEKVFKQYANDNGVDGEWTYDDATKTFTVTE,0.7214265595091593
451,QYKLILNGKTLKGETTTEAVDAARAEKVFKQYANDNGVDGEWTYDDATKTFTVTE,1.240401175470943
452,QYKLILNGKTLKGETTTEAVDAASAEKVFKQYANDNGVDGEWTYDDATKTFTVTE,0.5620577718079907
453,QYKLILNGKTLKGETTTEAVDAAVAEKVFKQYANDNGVDGEWTYDDATKTFTVTE,-0.07348704536796448
454,QYKLILNGKTLKGETTTEAVDAAWAEKVFKQYANDNGVDGEWTYDDATKTFTVTE,1.1182302507197026
455,QYKLILNGKTLKGETTTEAVDAAYAEKVFKQYANDNGVDGEWTYDDATKTFTVTE,0.2145623257481818
456,QYKLILNGKTLKGETTTEAVDAATCEKVFKQYANDNGVDGEWTYDDATKTFTVTE,-0.4417554158779155
457,QYKLILNGKTLKGETTTEAVDAATDEKVFKQYANDNGVDGEWTYDDATKTFTVTE,-7.392782440261899
458,QYKLILNGKTLKGETTTEAVDAATEEKVFKQYANDNGVDGEWTYDDATKTFTVTE,-7.074026098425191
459,QYKLILNGKTLKGETTTEAVDAATFEKVFKQYANDNGVDGEWTYDDATKTFTVTE,-7.060813669960577
460,QYKLILNGKTLKGETTTEAVDAATGEKVFKQYANDNGVDGEWTYDDATKTFTVTE,0.20541726782778175
461,QYKLILNGKTLKGETTTEAVDAATHEKVFKQYANDNGVDGEWTYDDATKTFTVTE,-7.257848698000298
462,QYKLILNGKTLKGETTTEAVDAATIEKVFKQYANDNGVDGEWTYDDATKTFTVTE,-2.746037131384522
463,QYKLILNGKTLKGETTTEAVDAATKEKVFKQYANDNGVDGEWTYDDATKTFTVTE,-7.5559385110233475
464,QYKLILNGKTLKGETTTEAVDAATLEKVFKQYANDNGVDGEWTYDDATKTFTVTE,-6.6299755609919115
465,QYKLILNGKTLKGETTTEAVDAATMEKVFKQYANDNGVDGEWTYDDATKTFTVTE,-3.0357521073539435
466,QYKLILNGKTLKGETTTEAVDAATNEKVFKQYANDNGVDGEWTYDDATKTFTVTE,-6.134418651600019
467,QYKLILNGKTLKGETTTEAVDAATPEKVFKQYANDNGVDGEWTYDDATKTFTVTE,-2.09851986708594
468,QYKLILNGKTLKGETTTEAVDAATQEKVFKQYANDNGVDGEWTYDDATKTFTVTE,-3.9879857927908415
469,QYKLILNGKTLKGETTTEAVDAATREKVFKQYANDNGVDGEWTYDDATKTFTVTE,-6.76955294378673
470,QYKLILNGKTLKGETTTEAVDAATSEKVFKQYANDNGVDGEWTYDDATKTFTVTE,0.05619322805730633
471,QYKLILNGKTLKGETTTEAVDAATTEKVFKQYANDNGVDGEWTYDDATKTFTVTE,-1.1816043254456117
472,QYKLILNGKTLKGETTTEAVDAATVEKVFKQYANDNGVDGEWTYDDATKTFTVTE,-1.6237110934702925
473,QYKLILNGKTLKGETTTEAVDAATWEKVFKQYANDNGVDGEWTYDDATKTFTVTE,-5.3283241507801185
474,QYKLILNGKTLKGETTTEAVDAATYEKVFKQYANDNGVDGEWTYDDATKTFTVTE,-6.942351912095404
475,QYKLILNGKTLKGETTTEAVDAATAAKVFKQYANDNGVDGEWTYDDATKTFTVTE,-8.748902882681941
476,QYKLILNGKTLKGETTTEAVDAATACKVFKQYANDNGVDGEWTYDDATKTFTVTE,-7.597424028464735
477,QYKLILNGKTLKGETTTEAVDAATADKVFKQYANDNGVDGEWTYDDATKTFTVTE,-8.157743561519474
478,QYKLILNGKTLKGETTTEAVDAATAFKVFKQYANDNGVDGEWTYDDATKTFTVTE,-8.8369215559485
479,QYKLILNGKTLKGETTTEAVDAATAGKVFKQYANDNGVDGEWTYDDATKTFTVTE,-8.334179864301463
480,QYKLILNGKTLKGETTTEAVDAATAHKVFKQYANDNGVDGEWTYDDATKTFTVTE,-8.468417645156961
481,QYKLILNGKTLKGETTTEAVDAATAIKVFKQYANDNGVDGEWTYDDATKTFTVTE,-8.349997793811077
482,QYKLILNGKTLKGETTTEAVDAATAKKVFKQYANDNGVDGEWTYDDATKTFTVTE,-8.646141275305977
483,QYKLILNGKTLKGETTTEAVDAATALKVFKQYANDNGVDGEWTYDDATKTFTVTE,-8.64827639744451
484,QYKLILNGKTLKGETTTEAVDAATAMKVFKQYANDNGVDGEWTYDDATKTFTVTE,-8.675110876629331
485,QYKLILNGKTLKGETTTEAVDAATANKVFKQYANDNGVDGEWTYDDATKTFTVTE,-8.449532393464343
486,QYKLILNGKTLKGETTTEAVDAATAPKVFKQYANDNGVDGEWTYDDATKTFTVTE,-8.141896791507664
487,QYKLILNGKTLKGETTTEAVDAATAQKVFKQYANDNGVDGEWTYDDATKTFTVTE,-8.650317298602314
488,QYKLILNGKTLKGETTTEAVDAATARKVFKQYANDNGVDGEWTYDDATKTFTVTE,-8.734738766355315
489,QYKLILNGKTLKGETTTEAVDAATASKVFKQYANDNGVDGEWTYDDATKTFTVTE,-8.689663319668703
490,QYKLILNGKTLKGETTTEAVDAATATKVFKQYANDNGVDGEWTYDDATKTFTVTE,-8.399526377246616
491,QYKLILNGKTLKGETTTEAVDAATAVKVFKQYANDNGVDGEWTYDDATKTFTVTE,-8.46689430919112
492,QYKLILNGKTLKGETTTEAVDAATAWKVFKQYANDNGVDGEWTYDDATKTFTVTE,-8.68953407852838
493,QYKLILNGKTLKGETTTEAVDAATAYKVFKQYANDNGVDGEWTYDDATKTFTVTE,-8.415871348164659
494,QYKLILNGKTLKGETTTEAVDAATAEAVFKQYANDNGVDGEWTYDDATKTFTVTE,-4.318616315222684
495,QYKLILNGKTLKGETTTEAVDAATAECVFKQYANDNGVDGEWTYDDATKTFTVTE,-2.877940201176053
496,QYKLILNGKTLKGETTTEAVDAATAEDVFKQYANDNGVDGEWTYDDATKTFTVTE,-7.628359573698293
497,QYKLILNGKTLKGETTTEAVDAATAEEVFKQYANDNGVDGEWTYDDATKTFTVTE,-7.572769493836943
498,QYKLILNGKTLKGETTTEAVDAATAEFVFKQYANDNGVDGEWTYDDATKTFTVTE,-2.8483652309775924
499,QYKLILNGKTLKGETTTEAVDAATAEGVFKQYANDNGVDGEWTYDDATKTFTVTE,-4.3826775774168185
500,QYKLILNGKTLKGETTTEAVDAATAEHVFKQYANDNGVDGEWTYDDATKTFTVTE,-3.325369807638979
501,QYKLILNGKTLKGETTTEAVDAATAEIVFKQYANDNGVDGEWTYDDATKTFTVTE,-1.8238587793689756
502,QYKLILNGKTLKGETTTEAVDAATAELVFKQYANDNGVDGEWTYDDATKTFTVTE,-2.354881243573024
503,QYKLILNGKTLKGETTTEAVDAATAEMVFKQYANDNGVDGEWTYDDATKTFTVTE,-2.9525635220415367
504,QYKLILNGKTLKGETTTEAVDAATAENVFKQYANDNGVDGEWTYDDATKTFTVTE,-4.540847684351795
505,QYKLILNGKTLKGETTTEAVDAATAEPVFKQYANDNGVDGEWTYDDATKTFTVTE,-3.7676672890903715
506,QYKLILNGKTLKGETTTEAVDAATAEQVFKQYANDNGVDGEWTYDDATKTFTVTE,-4.248900253991621
507,QYKLILNGKTLKGETTTEAVDAATAERVFKQYANDNGVDGEWTYDDATKTFTVTE,-1.2261028176214879
508,QYKLILNGKTLKGETTTEAVDAATAESVFKQYANDNGVDGEWTYDDATKTFTVTE,-4.630014906136733
509,QYKLILNGKTLKGETTTEAVDAATAETVFKQYANDNGVDGEWTYDDATKTFTVTE,-3.433107639980089
510,QYKLILNGKTLKGETTTEAVDAATAEVVFKQYANDNGVDGEWTYDDATKTFTVTE,-2.5490138282234795
511,QYKLILNGKTLKGETTTEAVDAATAEWVFKQYANDNGVDGEWTYDDATKTFTVTE,-4.649174195219506
512,QYKLILNGKTLKGETTTEAVDAATAEYVFKQYANDNGVDGEWTYDDATKTFTVTE,-4.4923340019944265
513,QYKLILNGKTLKGETTTEAVDAATAEKAFKQYANDNGVDGEWTYDDATKTFTVTE,0.4230471640290723
514,QYKLILNGKTLKGETTTEAVDAATAEKCFKQYANDNGVDGEWTYDDATKTFTVTE,0.39849031300429794
515,QYKLILNGKTLKGETTTEAVDAATAEKDFKQYANDNGVDGEWTYDDATKTFTVTE,-1.9637219232051766
516,QYKLILNGKTLKGETTTEAVDAATAEKEFKQYANDNGVDGEWTYDDATKTFTVTE,-1.8069612743903918
517,QYKLILNGKTLKGETTTEAVDAATAEKFFKQYANDNGVDGEWTYDDATKTFTVTE,0.004055116351897624
518,QYKLILNGKTLKGETTTEAVDAATAEKGFKQYANDNGVDGEWTYDDATKTFTVTE,-0.04665735128064107
519,QYKLILNGKTLKGETTTEAVDAATAEKHFKQYANDNGVDGEWTYDDATKTFTVTE,0.2498424445198633
520,QYKLILNGKTLKGETTTEAVDAATAEKIFKQYANDNGVDGEWTYDDATKTFTVTE,0.37446738409436214
521,QYKLILNGKTLKGETTTEAVDAATAEKKFKQYANDNGVDGEWTYDDATKTFTVTE,1.1824980187776353
522,QYKLILNGKTLKGETTTEAVDAATAEKLFKQYANDNGVDGEWTYDDATKTFTVTE,0.35194758109191976
523,QYKLILNGKTLKGETTTEAVDAATAEKMFKQYANDNGVDGEWTYDDATKTFTVTE,0.2572364891672482
524,QYKLILNGKTLKGETTTEAVDAATAEKNFKQYANDNGVDGEWTYDDATKTFTVTE,0.5331518620269597
525,QYKLILNGKTLKGETTTEAVDAATAEKPFKQYANDNGVDGEWTYDDATKTFTVTE,-3.15498233567971
526,QYKLILNGKTLKGETTTEAVDAATAEKQFKQYANDNGVDGEWTYDDATKTFTVTE,0.42625295595621965
527,QYKLILNGKTLKGETTTEAVDAATAEKRFKQYANDNGVDGEWTYDDATKTFTVTE,1.4294078854764054
528,QYKLILNGKTLKGETTTEAVDAATAEKSFKQYANDNGVDGEWTYDDATKTFTVTE,0.3489048497717653
529,QYKLILNGKTLKGETTTEAVDAATAEKTFKQYANDNGVDGEWTYDDATKTFTVTE,0.33582382167299063
530,QYKLILNGKTLKGETTTEAVDAATAEKWFKQYANDNGVDGEWTYDDATKTFTVTE,-0.3965769834355899
531,QYKLILNGKTLKGETTTEAVDAATAEKYFKQYANDNGVDGEWTYDDATKTFTVTE,0.08047856842454047
532,QYKLILNGKTLKGETTTEAVDAATAEKVAKQYANDNGVDGEWTYDDATKTFTVTE,-2.2149090212711147
533,QYKLILNGKTLKGETTTEAVDAATAEKVCKQYANDNGVDGEWTYDDATKTFTVTE,-0.7908846205089858
534,QYKLILNGKTLKGETTTEAVDAATAEKVDKQYANDNGVDGEWTYDDATKTFTVTE,-7.895026685133619
535,QYKLILNGKTLKGETTTEAVDAATAEKVEKQYANDNGVDGEWTYDDATKTFTVTE,-7.712804921603119
536,QYKLILNGKTLKGETTTEAVDAATAEKVGKQYANDNGVDGEWTYDDATKTFTVTE,-4.385365574475147
537,QYKLILNGKTLKGETTTEAVDAATAEKVHKQYANDNGVDGEWTYDDATKTFTVTE,-0.26200875086034264
538,QYKLILNGKTLKGETTTEAVDAATAEKVIKQYANDNGVDGEWTYDDATKTFTVTE,-2.3212273385742535
539,QYKLILNGKTLKGETTTEAVDAATAEKVKKQYANDNGVDGEWTYDDATKTFTVTE,-3.8658320256511502
540,QYKLILNGKTLKGETTTEAVDAATAEKVLKQYANDNGVDGEWTYDDATKTFTVTE,-0.3469677509898753
541,QYKLILNGKTLKGETTTEAVDAATAEKVMKQYANDNGVDGEWTYDDATKTFTVTE,-0.6101306563406462
542,QYKLILNGKTLKGETTTEAVDAATAEKVNKQYANDNGVDGEWTYDDATKTFTVTE,-2.73485328874696
543,QYKLILNGKTLKGETTTEAVDAATAEKVPKQYANDNGVDGEWTYDDATKTFTVTE,-7.4021482099076445
544,QYKLILNGKTLKGETTTEAVDAATAEKVQKQYANDNGVDGEWTYDDATKTFTVTE,-3.6573195668928067
545,QYKLILNGKTLKGETTTEAVDAATAEKVRKQYANDNGVDGEWTYDDATKTFTVTE,-7.642028696005031
546,QYKLILNGKTLKGETTTEAVDAATAEKVSKQYANDNGVDGEWTYDDATKTFTVTE,-1.5067713214871499
547,QYKLILNGKTLKGETTTEAVDAATAEKVTKQYANDNGVDGEWTYDDATKTFTVTE,-3.4483220484786834
548,QYKLILNGKTLKGETTTEAVDAATAEKVVKQYANDNGVDGEWTYDDATKTFTVTE,-1.3037223812062093
549,QYKLILNGKTLKGETTTEAVDAATAEKVWKQYANDNGVDGEWTYDDATKTFTVTE,-1.1668051713635046
550,QYKLILNGKTLKGETTTEAVDAATAEKVYKQYANDNGVDGEWTYDDATKTFTVTE,-1.2565846160866445
551,QYKLILNGKTLKGETTTEAVDAATAEKVFAQYANDNGVDGEWTYDDATKTFTVTE,-8.284004855042724
552,QYKLILNGKTLKGETTTEAVDAATAEKVFCQYANDNGVDGEWTYDDATKTFTVTE,-7.253344013546356
553,QYKLILNGKTLKGETTTEAVDAATAEKVFDQYANDNGVDGEWTYDDATKTFTVTE,-8.477211376155529
554,QYKLILNGKTLKGETTTEAVDAATAEKVFEQYANDNGVDGEWTYDDATKTFTVTE,-8.466791959710378
555,QYKLILNGKTLKGETTTEAVDAATAEKVFFQYANDNGVDGEWTYDDATKTFTVTE,-8.34754761218133
556,QYKLILNGKTLKGETTTEAVDAATAEKVFGQYANDNGVDGEWTYDDATKTFTVTE,-8.4323378709313
557,QYKLILNGKTLKGETTTEAVDAATAEKVFHQYANDNGVDGEWTYDDATKTFTVTE,-8.86324882975779
558,QYKLILNGKTLKGETTTEAVDAATAEKVFIQYANDNGVDGEWTYDDATKTFTVTE,-8.059034169346118
559,QYKLILNGKTLKGETTTEAVDAATAEKVFLQYANDNGVDGEWTYDDATKTFTVTE,-7.365947394329859
560,QYKLILNGKTLKGETTTEAVDAATAEKVFMQYANDNGVDGEWTYDDATKTFTVTE,-6.526477967022732
561,QYKLILNGKTLKGETTTEAVDAATAEKVFNQYANDNGVDGEWTYDDATKTFTVTE,-8.127535134778562
562,QYKLILNGKTLKGETTTEAVDAATAEKVFPQYANDNGVDGEWTYDDATKTFTVTE,-8.099995160226769
563,QYKLILNGKTLKGETTTEAVDAATAEKVFQQYANDNGVDGEWTYDDATKTFTVTE,-8.124010566565833
564,QYKLILNGKTLKGETTTEAVDAATAEKVFRQYANDNGVDGEWTYDDATKTFTVTE,-2.0970789824234917
565,QYKLILNGKTLKGETTTEAVDAATAEKVFSQYANDNGVDGEWTYDDATKTFTVTE,-8.50621560355261
566,QYKLILNGKTLKGETTTEAVDAATAEKVFTQYANDNGVDGEWTYDDATKTFTVTE,-8.736641719971244
567,QYKLILNGKTLKGETTTEAVDAATAEKVFVQYANDNGVDGEWTYDDATKTFTVTE,-8.459838134189397
568,QYKLILNGKTLKGETTTEAVDAATAEKVFWQYANDNGVDGEWTYDDATKTFTVTE,-7.731500319187937
569,QYKLILNGKTLKGETTTEAVDAATAEKVFYQYANDNGVDGEWTYDDATKTFTVTE,-8.828592674279692
570,QYKLILNGKTLKGETTTEAVDAATAEKVFKAYANDNGVDGEWTYDDATKTFTVTE,-0.34387273409224484
571,QYKLILNGKTLKGETTTEAVDAATAEKVFKCYANDNGVDGEWTYDDATKTFTVTE,-0.3127904290844167
572,QYKLILNGKTLKGETTTEAVDAATAEKVFKDYANDNGVDGEWTYDDATKTFTVTE,-4.094433023403654
573,QYKLILNGKTLKGETTTEAVDAATAEKVFKEYANDNGVDGEWTYDDATKTFTVTE,-3.7266876788155487
574,QYKLILNGKTLKGETTTEAVDAATAEKVFKFYANDNGVDGEWTYDDATKTFTVTE,-2.1038060801038223
575,QYKLILNGKTLKGETTTEAVDAATAEKVFKGYANDNGVDGEWTYDDATKTFTVTE,0.5821180982590141
576,QYKLILNGKTLKGETTTEAVDAATAEKVFKHYANDNGVDGEWTYDDATKTFTVTE,0.20000971817905683
577,QYKLILNGKTLKGETTTEAVDAATAEKVFKIYANDNGVDGEWTYDDATKTFTVTE,-1.3467336526754692
578,QYKLILNGKTLKGETTTEAVDAATAEKVFKKYANDNGVDGEWTYDDATKTFTVTE,0.3591736653049353
579,QYKLILNGKTLKGETTTEAVDAATAEKVFKLYANDNGVDGEWTYDDATKTFTVTE,-0.05734968037140724
580,QYKLILNGKTLKGETTTEAVDAATAEKVFKMYANDNGVDGEWTYDDATKTFTVTE,-0.2905257345258355
581,QYKLILNGKTLKGETTTEAVDAATAEKVFKNYANDNGVDGEWTYDDATKTFTVTE,0.7074103868924604
582,QYKLILNGKTLKGETTTEAVDAATAEKVFKPYANDNGVDGEWTYDDATKTFTVTE,-5.740377945872199
583,QYKLILNGKTLKGETTTEAVDAATAEKVFKRYANDNGVDGEWTYDDATKTFTVTE,0.4560327909037571
584,QYKLILNGKTLKGETTTEAVDAATAEKVFKSYANDNGVDGEWTYDDATKTFTVTE,-0.14674622024901302
585,QYKLILNGKTLKGETTTEAVDAATAEKVFKTYANDNGVDGEWTYDDATKTFTVTE,-0.5900652058429798
586,QYKLILNGKTLKGETTTEAVDAATAEKVFKVYANDNGVDGEWTYDDATKTFTVTE,-1.2592590195494795
587,QYKLILNGKTLKGETTTEAVDAATAEKVFKWYANDNGVDGEWTYDDATKTFTVTE,-2.038937560618225
588,QYKLILNGKTLKGETTTEAVDAATAEKVFKYYANDNGVDGEWTYDDATKTFTVTE,-2.2670570215497956
589,QYKLILNGKTLKGETTTEAVDAATAEKVFKQAANDNGVDGEWTYDDATKTFTVTE,-2.3847854850962866
590,QYKLILNGKTLKGETTTEAVDAATAEKVFKQCANDNGVDGEWTYDDATKTFTVTE,-1.703520111974353
591,QYKLILNGKTLKGETTTEAVDAATAEKVFKQDANDNGVDGEWTYDDATKTFTVTE,-5.632017059146115
592,QYKLILNGKTLKGETTTEAVDAATAEKVFKQEANDNGVDGEWTYDDATKTFTVTE,-4.477759136037036
593,QYKLILNGKTLKGETTTEAVDAATAEKVFKQFANDNGVDGEWTYDDATKTFTVTE,0.6580909698694877
594,QYKLILNGKTLKGETTTEAVDAATAEKVFKQGANDNGVDGEWTYDDATKTFTVTE,-1.6839265832914134
595,QYKLILNGKTLKGETTTEAVDAATAEKVFKQHANDNGVDGEWTYDDATKTFTVTE,-1.427823887475176
596,QYKLILNGKTLKGETTTEAVDAATAEKVFKQIANDNGVDGEWTYDDATKTFTVTE,-2.1474040949996382
597,QYKLILNGKTLKGETTTEAVDAATAEKVFKQKANDNGVDGEWTYDDATKTFTVTE,-1.6126202488514974
598,QYKLILNGKTLKGETTTEAVDAATAEKVFKQLANDNGVDGEWTYDDATKTFTVTE,-0.5923466010328502
599,QYKLILNGKTLKGETTTEAVDAATAEKVFKQMANDNGVDGEWTYDDATKTFTVTE,-1.061435514502726
600,QYKLILNGKTLKGETTTEAVDAATAEKVFKQNANDNGVDGEWTYDDATKTFTVTE,-2.415199358097988
601,QYKLILNGKTLKGETTTEAVDAATAEKVFKQPANDNGVDGEWTYDDATKTFTVTE,-6.923250475643892
602,QYKLILNGKTLKGETTTEAVDAATAEKVFKQQANDNGVDGEWTYDDATKTFTVTE,-2.0030147100681175
603,QYKLILNGKTLKGETTTEAVDAATAEKVFKQRANDNGVDGEWTYDDATKTFTVTE,-1.7238184591280568
604,QYKLILNGKTLKGETTTEAVDAATAEKVFKQSANDNGVDGEWTYDDATKTFTVTE,-2.454440613587401
605,QYKLILNGKTLKGETTTEAVDAATAEKVFKQTANDNGVDGEWTYDDATKTFTVTE,-2.600812303122451
606,QYKLILNGKTLKGETTTEAVDAATAEKVFKQVANDNGVDGEWTYDDATKTFTVTE,-2.5374499582330707
607,QYKLILNGKTLKGETTTEAVDAATAEKVFKQWANDNGVDGEWTYDDATKTFTVTE,-0.6013177716212033
608,QYKLILNGKTLKGETTTEAVDAATAEKVFKQYCNDNGVDGEWTYDDATKTFTVTE,0.05327704212238987
609,QYKLILNGKTLKGETTTEAVDAATAEKVFKQYDNDNGVDGEWTYDDATKTFTVTE,-7.88127736189146
610,QYKLILNGKTLKGETTTEAVDAATAEKVFKQYENDNGVDGEWTYDDATKTFTVTE,-7.942357134512434
611,QYKLILNGKTLKGETTTEAVDAATAEKVFKQYFNDNGVDGEWTYDDATKTFTVTE,-6.3100959335138365
612,QYKLILNGKTLKGETTTEAVDAATAEKVFKQYGNDNGVDGEWTYDDATKTFTVTE,-1.9801959609050857
613,QYKLILNGKTLKGETTTEAVDAATAEKVFKQYHNDNGVDGEWTYDDATKTFTVTE,-7.609967662752493
614,QYKLILNGKTLKGETTTEAVDAATAEKVFKQYINDNGVDGEWTYDDATKTFTVTE,-4.255137699648972
615,QYKLILNGKTLKGETTTEAVDAATAEKVFKQYKNDNGVDGEWTYDDATKTFTVTE,-8.122708775635461
616,QYKLILNGKTLKGETTTEAVDAATAEKVFKQYLNDNGVDGEWTYDDATKTFTVTE,-4.586762124112373
617,QYKLILNGKTLKGETTTEAVDAATAEKVFKQYMNDNGVDGEWTYDDATKTFTVTE,-0.3793734869017048
618,QYKLILNGKTLKGETTTEAVDAATAEKVFKQYNNDNGVDGEWTYDDATKTFTVTE,-7.299562420782084
619,QYKLILNGKTLKGETTTEAVDAATAEKVFKQYPNDNGVDGEWTYDDATKTFTVTE,-7.994743772710662
620,QYKLILNGKTLKGETTTEAVDAATAEKVFKQYQNDNGVDGEWTYDDATKTFTVTE,-7.596525347179813
621,QYKLILNGKTLKGETTTEAVDAATAEKVFKQYRNDNGVDGEWTYDDATKTFTVTE,-6.429632519691742
622,QYKLILNGKTLKGETTTEAVDAATAEKVFKQYSNDNGVDGEWTYDDATKTFTVTE,-0.3386201602239226
623,QYKLILNGKTLKGETTTEAVDAATAEKVFKQYTNDNGVDGEWTYDDATKTFTVTE,-2.252024969524004
624,QYKLILNGKTLKGETTTEAVDAATAEKVFKQYVNDNGVDGEWTYDDATKTFTVTE,-2.480102946119849
625,QYKLILNGKTLKGETTTEAVDAATAEKVFKQYWNDNGVDGEWTYDDATKTFTVTE,-6.806363451824349
626,QYKLILNGKTLKGETTTEAVDAATAEKVFKQYYNDNGVDGEWTYDDATKTFTVTE,-5.7561335468291785
627,QYKLILNGKTLKGETTTEAVDAATAEKVFKQYAADNGVDGEWTYDDATKTFTVTE,-6.3010160259906
628,QYKLILNGKTLKGETTTEAVDAATAEKVFKQYACDNGVDGEWTYDDATKTFTVTE,-4.297820588657716
629,QYKLILNGKTLKGETTTEAVDAATAEKVFKQYADDNGVDGEWTYDDATKTFTVTE,-7.191492975533305
630,QYKLILNGKTLKGETTTEAVDAATAEKVFKQYAEDNGVDGEWTYDDATKTFTVTE,-7.184565051429977
631,QYKLILNGKTLKGETTTEAVDAATAEKVFKQYAFDNGVDGEWTYDDATKTFTVTE,-5.758167955422112
632,QYKLILNGKTLKGETTTEAVDAATAEKVFKQYAGDNGVDGEWTYDDATKTFTVTE,-4.2701963575324795
633,QYKLILNGKTLKGETTTEAVDAATAEKVFKQYAHDNGVDGEWTYDDATKTFTVTE,-5.991731307370512
634,QYKLILNGKTLKGETTTEAVDAATAEKVFKQYAIDNGVDGEWTYDDATKTFTVTE,-4.971351867855381
635,QYKLILNGKTLKGETTTEAVDAATAEKVFKQYAKDNGVDGEWTYDDATKTFTVTE,-7.137538079252005
636,QYKLILNGKTLKGETTTEAVDAATAEKVFKQYALDNGVDGEWTYDDATKTFTVTE,-6.6265836106127125
637,QYKLILNGKTLKGETTTEAVDAATAEKVFKQYAMDNGVDGEWTYDDATKTFTVTE,-6.34530269175038
638,QYKLILNGKTLKGETTTEAVDAATAEKVFKQYAPDNGVDGEWTYDDATKTFTVTE,-8.355470111821694
639,QYKLILNGKTLKGETTTEAVDAATAEKVFKQYAQDNGVDGEWTYDDATKTFTVTE,-6.938580905160619
640,QYKLILNGKTLKGETTTEAVDAATAEKVFKQYARDNGVDGEWTYDDATKTFTVTE,-6.190197092461796
641,QYKLILNGKTLKGETTTEAVDAATAEKVFKQYASDNGVDGEWTYDDATKTFTVTE,-4.346890497400246
642,QYKLILNGKTLKGETTTEAVDAATAEKVFKQYATDNGVDGEWTYDDATKTFTVTE,-3.3729785958198018
643,QYKLILNGKTLKGETTTEAVDAATAEKVFKQYAVDNGVDGEWTYDDATKTFTVTE,-6.597337105932279
644,QYKLILNGKTLKGETTTEAVDAATAEKVFKQYAWDNGVDGEWTYDDATKTFTVTE,-5.062280006042995
645,QYKLILNGKTLKGETTTEAVDAATAEKVFKQYAYDNGVDGEWTYDDATKTFTVTE,-6.0392158544930705
646,QYKLILNGKTLKGETTTEAVDAATAEKVFKQYANANGVDGEWTYDDATKTFTVTE,0.731045893812557
647,QYKLILNGKTLKGETTTEAVDAATAEKVFKQYANCNGVDGEWTYDDATKTFTVTE,0.5910075861592589
648,QYKLILNGKTLKGETTTEAVDAATAEKVFKQYANENGVDGEWTYDDATKTFTVTE,0.19040443315650948
649,QYKLILNGKTLKGETTTEAVDAATAEKVFKQYANFNGVDGEWTYDDATKTFTVTE,-0.1530749306804132
650,QYKLILNGKTLKGETTTEAVDAATAEKVFKQYANGNGVDGEWTYDDATKTFTVTE,0.885487696750839
651,QYKLILNGKTLKGETTTEAVDAATAEKVFKQYANHNGVDGEWTYDDATKTFTVTE,0.14959310792519034
652,QYKLILNGKTLKGETTTEAVDAATAEKVFKQYANINGVDGEWTYDDATKTFTVTE,0.42657459863696906
653,QYKLILNGKTLKGETTTEAVDAATAEKVFKQYANKNGVDGEWTYDDATKTFTVTE,0.386593014871439
654,QYKLILNGKTLKGETTTEAVDAATAEKVFKQYANLNGVDGEWTYDDATKTFTVTE,0.538748568716215
655,QYKLILNGKTLKGETTTEAVDAATAEKVFKQYANMNGVDGEWTYDDATKTFTVTE,0.5127617073957796
656,QYKLILNGKTLKGETTTEAVDAATAEKVFKQYANNNGVDGEWTYDDATKTFTVTE,0.8976083428653644
657,QYKLILNGKTLKGETTTEAVDAATAEKVFKQYANPNGVDGEWTYDDATKTFTVTE,-6.146258411633679
658,QYKLILNGKTLKGETTTEAVDAATAEKVFKQYANQNGVDGEWTYDDATKTFTVTE,0.4310046854565435
659,QYKLILNGKTLKGETTTEAVDAATAEKVFKQYANRNGVDGEWTYDDATKTFTVTE,0.7675635151570275
660,QYKLILNGKTLKGETTTEAVDAATAEKVFKQYANSNGVDGEWTYDDATKTFTVTE,0.7434173350450226
661,QYKLILNGKTLKGETTTEAVDAATAEKVFKQYANTNGVDGEWTYDDATKTFTVTE,0.5448682848543193
662,QYKLILNGKTLKGETTTEAVDAATAEKVFKQYANVNGVDGEWTYDDATKTFTVTE,0.7328978043415468
663,QYKLILNGKTLKGETTTEAVDAATAEKVFKQYANWNGVDGEWTYDDATKTFTVTE,-0.18884225501084412
664,QYKLILNGKTLKGETTTEAVDAATAEKVFKQYANYNGVDGEWTYDDATKTFTVTE,0.04539380808311219
665,QYKLILNGKTLKGETTTEAVDAATAEKVFKQYANDAGVDGEWTYDDATKTFTVTE,-2.1553283099059737
666,QYKLILNGKTLKGETTTEAVDAATAEKVFKQYANDCGVDGEWTYDDATKTFTVTE,-0.7852147259722881
667,QYKLILNGKTLKGETTTEAVDAATAEKVFKQYANDDGVDGEWTYDDATKTFTVTE,-3.9724141293120048
668,QYKLILNGKTLKGETTTEAVDAATAEKVFKQYANDEGVDGEWTYDDATKTFTVTE,-2.737907930901984
669,QYKLILNGKTLKGETTTEAVDAATAEKVFKQYANDFGVDGEWTYDDATKTFTVTE,-4.122969675159589
670,QYKLILNGKTLKGETTTEAVDAATAEKVFKQYANDGGVDGEWTYDDATKTFTVTE,-1.3982443478266333
671,QYKLILNGKTLKGETTTEAVDAATAEKVFKQYANDHGVDGEWTYDDATKTFTVTE,-1.5367021212376988
672,QYKLILNGKTLKGETTTEAVDAATAEKVFKQYANDIGVDGEWTYDDATKTFTVTE,-1.429044247841794
673,QYKLILNGKTLKGETTTEAVDAATAEKVFKQYANDKGVDGEWTYDDATKTFTVTE,-2.260390067695271
674,QYKLILNGKTLKGETTTEAVDAATAEKVFKQYANDLGVDGEWTYDDATKTFTVTE,-1.7069159622876915
675,QYKLILNGKTLKGETTTEAVDAATAEKVFKQYANDMGVDGEWTYDDATKTFTVTE,-2.249261245368437
676,QYKLILNGKTLKGETTTEAVDAATAEKVFKQYANDPGVDGEWTYDDATKTFTVTE,-7.474248924243902
677,QYKLILNGKTLKGETTTEAVDAATAEKVFKQYANDQGVDGEWTYDDATKTFTVTE,-1.8348962753696805
678,QYKLILNGKTLKGETTTEAVDAATAEKVFKQYANDRGVDGEWTYDDATKTFTVTE,-2.3804281600555757
679,QYKLILNGKTLKGETTTEAVDAATAEKVFKQYANDSGVDGEWTYDDATKTFTVTE,-0.7477076213842095
680,QYKLILNGKTLKGETTTEAVDAATAEKVFKQYANDTGVDGEWTYDDATKTFTVTE,-1.1269560267517889
681,QYKLILNGKTLKGETTTEAVDAATAEKVFKQYANDVGVDGEWTYDDATKTFTVTE,-1.8627265136753068
682,QYKLILNGKTLKGETTTEAVDAATAEKVFKQYANDWGVDGEWTYDDATKTFTVTE,-2.6664884881787696
683,QYKLILNGKTLKGETTTEAVDAATAEKVFKQYANDYGVDGEWTYDDATKTFTVTE,-3.3368550582223033
684,QYKLILNGKTLKGETTTEAVDAATAEKVFKQYANDNAVDGEWTYDDATKTFTVTE,-0.004814001221911827
685,QYKLILNGKTLKGETTTEAVDAATAEKVFKQYANDNCVDGEWTYDDATKTFTVTE,-0.879192204518908
686,QYKLILNGKTLKGETTTEAVDAATAEKVFKQYANDNDVDGEWTYDDATKTFTVTE,-0.8264208162910439
687,QYKLILNGKTLKGETTTEAVDAATAEKVFKQYANDNEVDGEWTYDDATKTFTVTE,-1.1468676477398565
688,QYKLILNGKTLKGETTTEAVDAATAEKVFKQYANDNFVDGEWTYDDATKTFTVTE,-0.8198212109445764
689,QYKLILNGKTLKGETTTEAVDAATAEKVFKQYANDNHVDGEWTYDDATKTFTVTE,-1.1217509524689937
690,QYKLILNGKTLKGETTTEAVDAATAEKVFKQYANDNIVDGEWTYDDATKTFTVTE,-2.2716877766972066
691,QYKLILNGKTLKGETTTEAVDAATAEKVFKQYANDNKVDGEWTYDDATKTFTVTE,-1.236430387932635
692,QYKLILNGKTLKGETTTEAVDAATAEKVFKQYANDNLVDGEWTYDDATKTFTVTE,-0.6897189095618581
693,QYKLILNGKTLKGETTTEAVDAATAEKVFKQYANDNMVDGEWTYDDATKTFTVTE,-1.1170569211531296
694,QYKLILNGKTLKGETTTEAVDAATAEKVFKQYANDNNVDGEWTYDDATKTFTVTE,-1.0045920223247833
695,QYKLILNGKTLKGETTTEAVDAATAEKVFKQYANDNPVDGEWTYDDATKTFTVTE,-7.178353364761466
696,QYKLILNGKTLKGETTTEAVDAATAEKVFKQYANDNQVDGEWTYDDATKTFTVTE,-1.1372814000656934
697,QYKLILNGKTLKGETTTEAVDAATAEKVFKQYANDNRVDGEWTYDDATKTFTVTE,-1.2415300842626484
698,QYKLILNGKTLKGETTTEAVDAATAEKVFKQYANDNSVDGEWTYDDATKTFTVTE,-0.7511888853107255
699,QYKLILNGKTLKGETTTEAVDAATAEKVFKQYANDNTVDGEWTYDDATKTFTVTE,-1.085379451748295
700,QYKLILNGKTLKGETTTEAVDAATAEKVFKQYANDNVVDGEWTYDDATKTFTVTE,-1.2805506133953801
701,QYKLILNGKTLKGETTTEAVDAATAEKVFKQYANDNWVDGEWTYDDATKTFTVTE,-0.6928765733351645
702,QYKLILNGKTLKGETTTEAVDAATAEKVFKQYANDNYVDGEWTYDDATKTFTVTE,-0.6556673319898757
703,QYKLILNGKTLKGETTTEAVDAATAEKVFKQYANDNGADGEWTYDDATKTFTVTE,-4.225867664396012
704,QYKLILNGKTLKGETTTEAVDAATAEKVFKQYANDNGCDGEWTYDDATKTFTVTE,-2.2578549189975448
705,QYKLILNGKTLKGETTTEAVDAATAEKVFKQYANDNGDDGEWTYDDATKTFTVTE,-7.478559752659397
706,QYKLILNGKTLKGETTTEAVDAATAEKVFKQYANDNGEDGEWTYDDATKTFTVTE,-5.14500282854237
707,QYKLILNGKTLKGETTTEAVDAATAEKVFKQYANDNGFDGEWTYDDATKTFTVTE,-1.619404085459642
708,QYKLILNGKTLKGETTTEAVDAATAEKVFKQYANDNGGDGEWTYDDATKTFTVTE,-7.123389759952012
709,QYKLILNGKTLKGETTTEAVDAATAEKVFKQYANDNGHDGEWTYDDATKTFTVTE,-5.448084467125806
710,QYKLILNGKTLKGETTTEAVDAATAEKVFKQYANDNGIDGEWTYDDATKTFTVTE,0.31950671323575847
711,QYKLILNGKTLKGETTTEAVDAATAEKVFKQYANDNGKDGEWTYDDATKTFTVTE,-5.841246739114441
712,QYKLILNGKTLKGETTTEAVDAATAEKVFKQYANDNGLDGEWTYDDATKTFTVTE,0.5446902127895069
713,QYKLILNGKTLKGETTTEAVDAATAEKVFKQYANDNGMDGEWTYDDATKTFTVTE,0.014741717642017569
714,QYKLILNGKTLKGETTTEAVDAATAEKVFKQYANDNGNDGEWTYDDATKTFTVTE,-6.634966677852252
715,QYKLILNGKTLKGETTTEAVDAATAEKVFKQYANDNGPDGEWTYDDATKTFTVTE,-7.012836570983479
716,QYKLILNGKTLKGETTTEAVDAATAEKVFKQYANDNGQDGEWTYDDATKTFTVTE,-3.495381191197115
717,QYKLILNGKTLKGETTTEAVDAATAEKVFKQYANDNGRDGEWTYDDATKTFTVTE,-6.072535611709596
718,QYKLILNGKTLKGETTTEAVDAATAEKVFKQYANDNGSDGEWTYDDATKTFTVTE,-5.077138476245663
719,QYKLILNGKTLKGETTTEAVDAATAEKVFKQYANDNGTDGEWTYDDATKTFTVTE,-2.232395832697482
720,QYKLILNGKTLKGETTTEAVDAATAEKVFKQYANDNGWDGEWTYDDATKTFTVTE,-6.795745875106909
721,QYKLILNGKTLKGETTTEAVDAATAEKVFKQYANDNGYDGEWTYDDATKTFTVTE,-4.007249090026063
722,QYKLILNGKTLKGETTTEAVDAATAEKVFKQYANDNGVAGEWTYDDATKTFTVTE,1.0513050460130502
723,QYKLILNGKTLKGETTTEAVDAATAEKVFKQYANDNGVCGEWTYDDATKTFTVTE,0.6658245674908065
724,QYKLILNGKTLKGETTTEAVDAATAEKVFKQYANDNGVEGEWTYDDATKTFTVTE,-0.4284808581489253
725,QYKLILNGKTLKGETTTEAVDAATAEKVFKQYANDNGVFGEWTYDDATKTFTVTE,1.3984876737730203
726,QYKLILNGKTLKGETTTEAVDAATAEKVFKQYANDNGVGGEWTYDDATKTFTVTE,-0.42330542501285234
727,QYKLILNGKTLKGETTTEAVDAATAEKVFKQYANDNGVHGEWTYDDATKTFTVTE,1.4110068193657193
728,QYKLILNGKTLKGETTTEAVDAATAEKVFKQYANDNGVIGEWTYDDATKTFTVTE,0.6288787094668018
729,QYKLILNGKTLKGETTTEAVDAATAEKVFKQYANDNGVKGEWTYDDATKTFTVTE,-0.02609273281491076
730,QYKLILNGKTLKGETTTEAVDAATAEKVFKQYANDNGVLGEWTYDDATKTFTVTE,-0.3528072640956358
731,QYKLILNGKTLKGETTTEAVDAATAEKVFKQYANDNGVMGEWTYDDATKTFTVTE,-0.08346227334037884
732,QYKLILNGKTLKGETTTEAVDAATAEKVFKQYANDNGVNGEWTYDDATKTFTVTE,0.6378945504238873
733,QYKLILNGKTLKGETTTEAVDAATAEKVFKQYANDNGVPGEWTYDDATKTFTVTE,-1.526569122079349
734,QYKLILNGKTLKGETTTEAVDAATAEKVFKQYANDNGVQGEWTYDDATKTFTVTE,-0.056837704817828086
735,QYKLILNGKTLKGETTTEAVDAATAEKVFKQYANDNGVRGEWTYDDATKTFTVTE,0.5060253231396695
736,QYKLILNGKTLKGETTTEAVDAATAEKVFKQYANDNGVSGEWTYDDATKTFTVTE,0.9009524936835163
737,QYKLILNGKTLKGETTTEAVDAATAEKVFKQYANDNGVTGEWTYDDATKTFTVTE,0.00843689368969851
738,QYKLILNGKTLKGETTTEAVDAATAEKVFKQYANDNGVVGEWTYDDATKTFTVTE,0.7492719733995648
739,QYKLILNGKTLKGETTTEAVDAATAEKVFKQYANDNGVWGEWTYDDATKTFTVTE,1.7515392942206984
740,QYKLILNGKTLKGETTTEAVDAATAEKVFKQYANDNGVYGEWTYDDATKTFTVTE,1.7478404566123638
741,QYKLILNGKTLKGETTTEAVDAATAEKVFKQYANDNGVDAEWTYDDATKTFTVTE,-3.264265681786303
742,QYKLILNGKTLKGETTTEAVDAATAEKVFKQYANDNGVDCEWTYDDATKTFTVTE,-4.253753217013928
743,QYKLILNGKTLKGETTTEAVDAATAEKVFKQYANDNGVDDEWTYDDATKTFTVTE,-7.598676459926477
744,QYKLILNGKTLKGETTTEAVDAATAEKVFKQYANDNGVDEEWTYDDATKTFTVTE,-7.4865708375702456
745,QYKLILNGKTLKGETTTEAVDAATAEKVFKQYANDNGVDFEWTYDDATKTFTVTE,-4.111202500818474
746,QYKLILNGKTLKGETTTEAVDAATAEKVFKQYANDNGVDHEWTYDDATKTFTVTE,-8.048462511718611
747,QYKLILNGKTLKGETTTEAVDAATAEKVFKQYANDNGVDIEWTYDDATKTFTVTE,-8.388346565739452
748,QYKLILNGKTLKGETTTEAVDAATAEKVFKQYANDNGVDKEWTYDDATKTFTVTE,-8.14083698444877
749,QYKLILNGKTLKGETTTEAVDAATAEKVFKQYANDNGVDLEWTYDDATKTFTVTE,-6.888300398054046
750,QYKLILNGKTLKGETTTEAVDAATAEKVFKQYANDNGVDMEWTYDDATKTFTVTE,-6.463512740977829
751,QYKLILNGKTLKGETTTEAVDAATAEKVFKQYANDNGVDNEWTYDDATKTFTVTE,-7.6479206882360975
752,QYKLILNGKTLKGETTTEAVDAATAEKVFKQYANDNGVDPEWTYDDATKTFTVTE,-7.879263663361994
753,QYKLILNGKTLKGETTTEAVDAATAEKVFKQYANDNGVDQEWTYDDATKTFTVTE,-8.105518810828007
754,QYKLILNGKTLKGETTTEAVDAATAEKVFKQYANDNGVDREWTYDDATKTFTVTE,-8.053832040840394
755,QYKLILNGKTLKGETTTEAVDAATAEKVFKQYANDNGVDSEWTYDDATKTFTVTE,-6.38148654725053
756,QYKLILNGKTLKGETTTEAVDAATAEKVFKQYANDNGVDTEWTYDDATKTFTVTE,-8.13494681695792
757,QYKLILNGKTLKGETTTEAVDAATAEKVFKQYANDNGVDVEWTYDDATKTFTVTE,-6.178160392603769
758,QYKLILNGKTLKGETTTEAVDAATAEKVFKQYANDNGVDWEWTYDDATKTFTVTE,-7.263720927040054
759,QYKLILNGKTLKGETTTEAVDAATAEKVFKQYANDNGVDYEWTYDDATKTFTVTE,-6.398060531219877
760,QYKLILNGKTLKGETTTEAVDAATAEKVFKQYANDNGVDGAWTYDDATKTFTVTE,0.6183529172827839
761,QYKLILNGKTLKGETTTEAVDAATAEKVFKQYANDNGVDGCWTYDDATKTFTVTE,0.6141280072698848
762,QYKLILNGKTLKGETTTEAVDAATAEKVFKQYANDNGVDGDWTYDDATKTFTVTE,0.24472352219588345
763,QYKLILNGKTLKGETTTEAVDAATAEKVFKQYANDNGVDGFWTYDDATKTFTVTE,0.6749093440590476
764,QYKLILNGKTLKGETTTEAVDAATAEKVFKQYANDNGVDGGWTYDDATKTFTVTE,0.6480293739624784
765,QYKLILNGKTLKGETTTEAVDAATAEKVFKQYANDNGVDGHWTYDDATKTFTVTE,0.3920427238892392
766,QYKLILNGKTLKGETTTEAVDAATAEKVFKQYANDNGVDGIWTYDDATKTFTVTE,0.9230511567754216
767,QYKLILNGKTLKGETTTEAVDAATAEKVFKQYANDNGVDGKWTYDDATKTFTVTE,0.7154652386715805
768,QYKLILNGKTLKGETTTEAVDAATAEKVFKQYANDNGVDGLWTYDDATKTFTVTE,1.0960641473490307
769,QYKLILNGKTLKGETTTEAVDAATAEKVFKQYANDNGVDGMWTYDDATKTFTVTE,0.7941039205330099
770,QYKLILNGKTLKGETTTEAVDAATAEKVFKQYANDNGVDGNWTYDDATKTFTVTE,0.6274566574760598
771,QYKLILNGKTLKGETTTEAVDAATAEKVFKQYANDNGVDGPWTYDDATKTFTVTE,-0.5413277450415505
772,QYKLILNGKTLKGETTTEAVDAATAEKVFKQYANDNGVDGQWTYDDATKTFTVTE,1.1049579968000167
773,QYKLILNGKTLKGETTTEAVDAATAEKVFKQYANDNGVDGRWTYDDATKTFTVTE,0.9296575661029705
774,QYKLILNGKTLKGETTTEAVDAATAEKVFKQYANDNGVDGSWTYDDATKTFTVTE,0.7322916029584567
775,QYKLILNGKTLKGETTTEAVDAATAEKVFKQYANDNGVDGTWTYDDATKTFTVTE,0.8738575546109617
776,QYKLILNGKTLKGETTTEAVDAATAEKVFKQYANDNGVDGVWTYDDATKTFTVTE,0.8689422976404383
777,QYKLILNGKTLKGETTTEAVDAATAEKVFKQYANDNGVDGWWTYDDATKTFTVTE,1.0609563617809437
778,QYKLILNGKTLKGETTTEAVDAATAEKVFKQYANDNGVDGYWTYDDATKTFTVTE,0.6478886062521964
779,QYKLILNGKTLKGETTTEAVDAATAEKVFKQYANDNGVDGEATYDDATKTFTVTE,-8.044183332130133
780,QYKLILNGKTLKGETTTEAVDAATAEKVFKQYANDNGVDGECTYDDATKTFTVTE,-7.741559326839637
781,QYKLILNGKTLKGETTTEAVDAATAEKVFKQYANDNGVDGEDTYDDATKTFTVTE,-8.20312156970322
782,QYKLILNGKTLKGETTTEAVDAATAEKVFKQYANDNGVDGEETYDDATKTFTVTE,-8.255458707558171
783,QYKLILNGKTLKGETTTEAVDAATAEKVFKQYANDNGVDGEFTYDDATKTFTVTE,-6.250193308986125
784,QYKLILNGKTLKGETTTEAVDAATAEKVFKQYANDNGVDGEGTYDDATKTFTVTE,-7.733086319661025
785,QYKLILNGKTLKGETTTEAVDAATAEKVFKQYANDNGVDGEHTYDDATKTFTVTE,-7.886728807085592
786,QYKLILNGKTLKGETTTEAVDAATAEKVFKQYANDNGVDGEITYDDATKTFTVTE,-8.270623285222404
787,QYKLILNGKTLKGETTTEAVDAATAEKVFKQYANDNGVDGEKTYDDATKTFTVTE,-8.555629717684472
788,QYKLILNGKTLKGETTTEAVDAATAEKVFKQYANDNGVDGELTYDDATKTFTVTE,-8.10126439588379
789,QYKLILNGKTLKGETTTEAVDAATAEKVFKQYANDNGVDGEMTYDDATKTFTVTE,-8.349418444172475
790,QYKLILNGKTLKGETTTEAVDAATAEKVFKQYANDNGVDGENTYDDATKTFTVTE,-8.454521793193823
791,QYKLILNGKTLKGETTTEAVDAATAEKVFKQYANDNGVDGEPTYDDATKTFTVTE,-8.344177739589687
792,QYKLILNGKTLKGETTTEAVDAATAEKVFKQYANDNGVDGEQTYDDATKTFTVTE,-8.23626539710479
793,QYKLILNGKTLKGETTTEAVDAATAEKVFKQYANDNGVDGERTYDDATKTFTVTE,-7.6691673690482105
794,QYKLILNGKTLKGETTTEAVDAATAEKVFKQYANDNGVDGESTYDDATKTFTVTE,-8.246613654205815
795,QYKLILNGKTLKGETTTEAVDAATAEKVFKQYANDNGVDGETTYDDATKTFTVTE,-8.127709637417796
796,QYKLILNGKTLKGETTTEAVDAATAEKVFKQYANDNGVDGEVTYDDATKTFTVTE,-8.227480501274453
797,QYKLILNGKTLKGETTTEAVDAATAEKVFKQYANDNGVDGEYTYDDATKTFTVTE,-6.951856760245738
798,QYKLILNGKTLKGETTTEAVDAATAEKVFKQYANDNGVDGEWAYDDATKTFTVTE,0.5474847444558237
799,QYKLILNGKTLKGETTTEAVDAATAEKVFKQYANDNGVDGEWCYDDATKTFTVTE,-0.05647564642228991
800,QYKLILNGKTLKGETTTEAVDAATAEKVFKQYANDNGVDGEWDYDDATKTFTVTE,-0.5402320657303001
801,QYKLILNGKTLKGETTTEAVDAATAEKVFKQYANDNGVDGEWEYDDATKTFTVTE,-0.019686888815357222
802,QYKLILNGKTLKGETTTEAVDAATAEKVFKQYANDNGVDGEWFYDDATKTFTVTE,0.03302739470261417
803,QYKLILNGKTLKGETTTEAVDAATAEKVFKQYANDNGVDGEWGYDDATKTFTVTE,0.48497293366765654
804,QYKLILNGKTLKGETTTEAVDAATAEKVFKQYANDNGVDGEWHYDDATKTFTVTE,0.18157008885723733
805,QYKLILNGKTLKGETTTEAVDAATAEKVFKQYANDNGVDGEWIYDDATKTFTVTE,-0.7948263818726296
806,QYKLILNGKTLKGETTTEAVDAATAEKVFKQYANDNGVDGEWKYDDATKTFTVTE,0.3026328431765581
807,QYKLILNGKTLKGETTTEAVDAATAEKVFKQYANDNGVDGEWLYDDATKTFTVTE,0.011091805567174547
808,QYKLILNGKTLKGETTTEAVDAATAEKVFKQYANDNGVDGEWMYDDATKTFTVTE,0.22954669188547908
809,QYKLILNGKTLKGETTTEAVDAATAEKVFKQYANDNGVDGEWNYDDATKTFTVTE,-0.2745624037354947
810,QYKLILNGKTLKGETTTEAVDAATAEKVFKQYANDNGVDGEWPYDDATKTFTVTE,-6.7327633511478915
811,QYKLILNGKTLKGETTTEAVDAATAEKVFKQYANDNGVDGEWQYDDATKTFTVTE,0.5244733231593689
812,QYKLILNGKTLKGETTTEAVDAATAEKVFKQYANDNGVDGEWRYDDATKTFTVTE,0.2837129528418285
813,QYKLILNGKTLKGETTTEAVDAATAEKVFKQYANDNGVDGEWSYDDATKTFTVTE,0.22329198734308178
814,QYKLILNGKTLKGETTTEAVDAATAEKVFKQYANDNGVDGEWVYDDATKTFTVTE,-1.0316165498898375
815,QYKLILNGKTLKGETTTEAVDAATAEKVFKQYANDNGVDGEWWYDDATKTFTVTE,0.3495441866882582
816,QYKLILNGKTLKGETTTEAVDAATAEKVFKQYANDNGVDGEWYYDDATKTFTVTE,-0.20307050609057678
817,QYKLILNGKTLKGETTTEAVDAATAEKVFKQYANDNGVDGEWTADDATKTFTVTE,-4.202650378705438
818,QYKLILNGKTLKGETTTEAVDAATAEKVFKQYANDNGVDGEWTCDDATKTFTVTE,-2.276371235998642
819,QYKLILNGKTLKGETTTEAVDAATAEKVFKQYANDNGVDGEWTDDDATKTFTVTE,-6.713534139038355
820,QYKLILNGKTLKGETTTEAVDAATAEKVFKQYANDNGVDGEWTEDDATKTFTVTE,-6.305418571593583
821,QYKLILNGKTLKGETTTEAVDAATAEKVFKQYANDNGVDGEWTFDDATKTFTVTE,-0.1335970875038151
822,QYKLILNGKTLKGETTTEAVDAATAEKVFKQYANDNGVDGEWTGDDATKTFTVTE,-4.781682349233312
823,QYKLILNGKTLKGETTTEAVDAATAEKVFKQYANDNGVDGEWTHDDATKTFTVTE,-2.0610902018678097
824,QYKLILNGKTLKGETTTEAVDAATAEKVFKQYANDNGVDGEWTIDDATKTFTVTE,-2.0864495556226808
825,QYKLILNGKTLKGETTTEAVDAATAEKVFKQYANDNGVDGEWTKDDATKTFTVTE,-4.384570772830088
826,QYKLILNGKTLKGETTTEAVDAATAEKVFKQYANDNGVDGEWTLDDATKTFTVTE,-1.183969223419456
827,QYKLILNGKTLKGETTTEAVDAATAEKVFKQYANDNGVDGEWTMDDATKTFTVTE,-1.8507323954315462
828,QYKLILNGKTLKGETTTEAVDAATAEKVFKQYANDNGVDGEWTNDDATKTFTVTE,-4.482671468949474
829,QYKLILNGKTLKGETTTEAVDAATAEKVFKQYANDNGVDGEWTPDDATKTFTVTE,-7.085297029949023
830,QYKLILNGKTLKGETTTEAVDAATAEKVFKQYANDNGVDGEWTQDDATKTFTVTE,-5.2929744111353765
831,QYKLILNGKTLKGETTTEAVDAATAEKVFKQYANDNGVDGEWTRDDATKTFTVTE,-4.383666506149215
832,QYKLILNGKTLKGETTTEAVDAATAEKVFKQYANDNGVDGEWTSDDATKTFTVTE,-4.597246224518956
833,QYKLILNGKTLKGETTTEAVDAATAEKVFKQYANDNGVDGEWTTDDATKTFTVTE,-4.635319374859678
834,QYKLILNGKTLKGETTTEAVDAATAEKVFKQYANDNGVDGEWTVDDATKTFTVTE,-2.8760811863133107
835,QYKLILNGKTLKGETTTEAVDAATAEKVFKQYANDNGVDGEWTWDDATKTFTVTE,0.8550146523332235
836,QYKLILNGKTLKGETTTEAVDAATAEKVFKQYANDNGVDGEWTYADATKTFTVTE,0.298866542114953
837,QYKLILNGKTLKGETTTEAVDAATAEKVFKQYANDNGVDGEWTYCDATKTFTVTE,0.37182854272520127
838,QYKLILNGKTLKGETTTEAVDAATAEKVFKQYANDNGVDGEWTYEDATKTFTVTE,0.0022773960152977306
839,QYKLILNGKTLKGETTTEAVDAATAEKVFKQYANDNGVDGEWTYFDATKTFTVTE,0.0822444467819608
840,QYKLILNGKTLKGETTTEAVDAATAEKVFKQYANDNGVDGEWTYGDATKTFTVTE,0.21697005007462544
841,QYKLILNGKTLKGETTTEAVDAATAEKVFKQYANDNGVDGEWTYHDATKTFTVTE,0.32773049394902354
842,QYKLILNGKTLKGETTTEAVDAATAEKVFKQYANDNGVDGEWTYIDATKTFTVTE,0.26837304484455593
843,QYKLILNGKTLKGETTTEAVDAATAEKVFKQYANDNGVDGEWTYKDATKTFTVTE,0.4175623599664987
844,QYKLILNGKTLKGETTTEAVDAATAEKVFKQYANDNGVDGEWTYLDATKTFTVTE,0.30933393741952464
845,QYKLILNGKTLKGETTTEAVDAATAEKVFKQYANDNGVDGEWTYMDATKTFTVTE,0.2769455191089754
846,QYKLILNGKTLKGETTTEAVDAATAEKVFKQYANDNGVDGEWTYNDATKTFTVTE,0.4582500354886262
847,QYKLILNGKTLKGETTTEAVDAATAEKVFKQYANDNGVDGEWTYPDATKTFTVTE,-4.905809583731032
848,QYKLILNGKTLKGETTTEAVDAATAEKVFKQYANDNGVDGEWTYQDATKTFTVTE,0.3140185215609866
849,QYKLILNGKTLKGETTTEAVDAATAEKVFKQYANDNGVDGEWTYRDATKTFTVTE,0.448953587153799
850,QYKLILNGKTLKGETTTEAVDAATAEKVFKQYANDNGVDGEWTYSDATKTFTVTE,0.47817417482980895
851,QYKLILNGKTLKGETTTEAVDAATAEKVFKQYANDNGVDGEWTYTDATKTFTVTE,0.6451939097750495
852,QYKLILNGKTLKGETTTEAVDAATAEKVFKQYANDNGVDGEWTYVDATKTFTVTE,0.3576351158716997
853,QYKLILNGKTLKGETTTEAVDAATAEKVFKQYANDNGVDGEWTYWDATKTFTVTE,0.19210589863294705
854,QYKLILNGKTLKGETTTEAVDAATAEKVFKQYANDNGVDGEWTYYDATKTFTVTE,-0.023607033165153578
855,QYKLILNGKTLKGETTTEAVDAATAEKVFKQYANDNGVDGEWTYDAATKTFTVTE,0.7788405915459993
856,QYKLILNGKTLKGETTTEAVDAATAEKVFKQYANDNGVDGEWTYDCATKTFTVTE,0.4957010872711955
857,QYKLILNGKTLKGETTTEAVDAATAEKVFKQYANDNGVDGEWTYDEATKTFTVTE,0.16395720962678437
858,QYKLILNGKTLKGETTTEAVDAATAEKVFKQYANDNGVDGEWTYDFATKTFTVTE,0.8156895202517263
859,QYKLILNGKTLKGETTTEAVDAATAEKVFKQYANDNGVDGEWTYDGATKTFTVTE,0.6593205525954684
860,QYKLILNGKTLKGETTTEAVDAATAEKVFKQYANDNGVDGEWTYDHATKTFTVTE,1.1242934466608774
861,QYKLILNGKTLKGETTTEAVDAATAEKVFKQYANDNGVDGEWTYDIATKTFTVTE,0.5226434154070855
862,QYKLILNGKTLKGETTTEAVDAATAEKVFKQYANDNGVDGEWTYDKATKTFTVTE,1.0976572864109089
863,QYKLILNGKTLKGETTTEAVDAATAEKVFKQYANDNGVDGEWTYDLATKTFTVTE,0.6046650701418249
864,QYKLILNGKTLKGETTTEAVDAATAEKVFKQYANDNGVDGEWTYDMATKTFTVTE,0.48942097992078226
865,QYKLILNGKTLKGETTTEAVDAATAEKVFKQYANDNGVDGEWTYDNATKTFTVTE,0.732323374022357
866,QYKLILNGKTLKGETTTEAVDAATAEKVFKQYANDNGVDGEWTYDPATKTFTVTE,0.9316229582223079
867,QYKLILNGKTLKGETTTEAVDAATAEKVFKQYANDNGVDGEWTYDQATKTFTVTE,0.7696208382674943
868,QYKLILNGKTLKGETTTEAVDAATAEKVFKQYANDNGVDGEWTYDRATKTFTVTE,1.4830410240990706
869,QYKLILNGKTLKGETTTEAVDAATAEKVFKQYANDNGVDGEWTYDSATKTFTVTE,0.839995692933037
870,QYKLILNGKTLKGETTTEAVDAATAEKVFKQYANDNGVDGEWTYDTATKTFTVTE,0.5997380066159589
871,QYKLILNGKTLKGETTTEAVDAATAEKVFKQYANDNGVDGEWTYDVATKTFTVTE,0.6069488105444167
872,QYKLILNGKTLKGETTTEAVDAATAEKVFKQYANDNGVDGEWTYDWATKTFTVTE,1.0969716691603053
873,QYKLILNGKTLKGETTTEAVDAATAEKVFKQYANDNGVDGEWTYDYATKTFTVTE,0.798739916239525
874,QYKLILNGKTLKGETTTEAVDAATAEKVFKQYANDNGVDGEWTYDDCTKTFTVTE,0.268217151142623
875,QYKLILNGKTLKGETTTEAVDAATAEKVFKQYANDNGVDGEWTYDDDTKTFTVTE,0.134291050863879
876,QYKLILNGKTLKGETTTEAVDAATAEKVFKQYANDNGVDGEWTYDDETKTFTVTE,0.2071921955437637
877,QYKLILNGKTLKGETTTEAVDAATAEKVFKQYANDNGVDGEWTYDDFTKTFTVTE,0.4636650145286051
878,QYKLILNGKTLKGETTTEAVDAATAEKVFKQYANDNGVDGEWTYDDGTKTFTVTE,0.3079753319582899
879,QYKLILNGKTLKGETTTEAVDAATAEKVFKQYANDNGVDGEWTYDDHTKTFTVTE,0.4456510739203977
880,QYKLILNGKTLKGETTTEAVDAATAEKVFKQYANDNGVDGEWTYDDITKTFTVTE,0.4552699229068851
881,QYKLILNGKTLKGETTTEAVDAATAEKVFKQYANDNGVDGEWTYDDKTKTFTVTE,0.42011826478335235
882,QYKLILNGKTLKGETTTEAVDAATAEKVFKQYANDNGVDGEWTYDDLTKTFTVTE,0.4042387632784697
883,QYKLILNGKTLKGETTTEAVDAATAEKVFKQYANDNGVDGEWTYDDMTKTFTVTE,0.3817576250627809
884,QYKLILNGKTLKGETTTEAVDAATAEKVFKQYANDNGVDGEWTYDDNTKTFTVTE,0.32691241413947786
885,QYKLILNGKTLKGETTTEAVDAATAEKVFKQYANDNGVDGEWTYDDPTKTFTVTE,0.34349243272743935
886,QYKLILNGKTLKGETTTEAVDAATAEKVFKQYANDNGVDGEWTYDDQTKTFTVTE,0.39317772487505276
887,QYKLILNGKTLKGETTTEAVDAATAEKVFKQYANDNGVDGEWTYDDRTKTFTVTE,0.4225016440958288
888,QYKLILNGKTLKGETTTEAVDAATAEKVFKQYANDNGVDGEWTYDDSTKTFTVTE,0.3468141245318089
889,QYKLILNGKTLKGETTTEAVDAATAEKVFKQYANDNGVDGEWTYDDTTKTFTVTE,0.37451938376476457
890,QYKLILNGKTLKGETTTEAVDAATAEKVFKQYANDNGVDGEWTYDDVTKTFTVTE,0.4238469989072144
891,QYKLILNGKTLKGETTTEAVDAATAEKVFKQYANDNGVDGEWTYDDWTKTFTVTE,0.38909795909310435
892,QYKLILNGKTLKGETTTEAVDAATAEKVFKQYANDNGVDGEWTYDDYTKTFTVTE,0.390594405767415
893,QYKLILNGKTLKGETTTEAVDAATAEKVFKQYANDNGVDGEWTYDDAAKTFTVTE,0.23422117567290154
894,QYKLILNGKTLKGETTTEAVDAATAEKVFKQYANDNGVDGEWTYDDACKTFTVTE,0.30523485239823067
895,QYKLILNGKTLKGETTTEAVDAATAEKVFKQYANDNGVDGEWTYDDADKTFTVTE,0.10584016750542007
896,QYKLILNGKTLKGETTTEAVDAATAEKVFKQYANDNGVDGEWTYDDAEKTFTVTE,0.22952113206431818
897,QYKLILNGKTLKGETTTEAVDAATAEKVFKQYANDNGVDGEWTYDDAFKTFTVTE,0.2718836268869325
898,QYKLILNGKTLKGETTTEAVDAATAEKVFKQYANDNGVDGEWTYDDAGKTFTVTE,0.22244730737458193
899,QYKLILNGKTLKGETTTEAVDAATAEKVFKQYANDNGVDGEWTYDDAHKTFTVTE,0.3488578538482013
900,QYKLILNGKTLKGETTTEAVDAATAEKVFKQYANDNGVDGEWTYDDAIKTFTVTE,0.518185935821573
901,QYKLILNGKTLKGETTTEAVDAATAEKVFKQYANDNGVDGEWTYDDAKKTFTVTE,0.4210104741536229
902,QYKLILNGKTLKGETTTEAVDAATAEKVFKQYANDNGVDGEWTYDDALKTFTVTE,0.3352830268136073
903,QYKLILNGKTLKGETTTEAVDAATAEKVFKQYANDNGVDGEWTYDDAMKTFTVTE,0.2529947864544285
904,QYKLILNGKTLKGETTTEAVDAATAEKVFKQYANDNGVDGEWTYDDANKTFTVTE,0.21482252739529212
905,QYKLILNGKTLKGETTTEAVDAATAEKVFKQYANDNGVDGEWTYDDAPKTFTVTE,-0.018552192784779525
906,QYKLILNGKTLKGETTTEAVDAATAEKVFKQYANDNGVDGEWTYDDAQKTFTVTE,0.2874183220667226
907,QYKLILNGKTLKGETTTEAVDAATAEKVFKQYANDNGVDGEWTYDDARKTFTVTE,0.38899722696424927
908,QYKLILNGKTLKGETTTEAVDAATAEKVFKQYANDNGVDGEWTYDDASKTFTVTE,0.37752798147958244
909,QYKLILNGKTLKGETTTEAVDAATAEKVFKQYANDNGVDGEWTYDDAVKTFTVTE,0.19925591305774037
910,QYKLILNGKTLKGETTTEAVDAATAEKVFKQYANDNGVDGEWTYDDAWKTFTVTE,0.3776252388074277
911,QYKLILNGKTLKGETTTEAVDAATAEKVFKQYANDNGVDGEWTYDDAYKTFTVTE,0.3557462366960649
912,QYKLILNGKTLKGETTTEAVDAATAEKVFKQYANDNGVDGEWTYDDATATFTVTE,0.21534740093128593
913,QYKLILNGKTLKGETTTEAVDAATAEKVFKQYANDNGVDGEWTYDDATCTFTVTE,-0.04845925149115593
914,QYKLILNGKTLKGETTTEAVDAATAEKVFKQYANDNGVDGEWTYDDATDTFTVTE,-0.07174721302489467
915,QYKLILNGKTLKGETTTEAVDAATAEKVFKQYANDNGVDGEWTYDDATETFTVTE,0.00839580567271524
916,QYKLILNGKTLKGETTTEAVDAATAEKVFKQYANDNGVDGEWTYDDATFTFTVTE,-0.40559040937985386
917,QYKLILNGKTLKGETTTEAVDAATAEKVFKQYANDNGVDGEWTYDDATGTFTVTE,0.642807359580213
918,QYKLILNGKTLKGETTTEAVDAATAEKVFKQYANDNGVDGEWTYDDATHTFTVTE,0.2409212073239016
919,QYKLILNGKTLKGETTTEAVDAATAEKVFKQYANDNGVDGEWTYDDATITFTVTE,-0.2526800991513005
920,QYKLILNGKTLKGETTTEAVDAATAEKVFKQYANDNGVDGEWTYDDATLTFTVTE,-0.1688724542796445
921,QYKLILNGKTLKGETTTEAVDAATAEKVFKQYANDNGVDGEWTYDDATMTFTVTE,-0.32695315164717514
922,QYKLILNGKTLKGETTTEAVDAATAEKVFKQYANDNGVDGEWTYDDATNTFTVTE,-0.06523384593993596
923,QYKLILNGKTLKGETTTEAVDAATAEKVFKQYANDNGVDGEWTYDDATPTFTVTE,-1.3883055296913205
924,QYKLILNGKTLKGETTTEAVDAATAEKVFKQYANDNGVDGEWTYDDATQTFTVTE,0.11066288275332573
925,QYKLILNGKTLKGETTTEAVDAATAEKVFKQYANDNGVDGEWTYDDATRTFTVTE,0.41484566717760585
926,QYKLILNGKTLKGETTTEAVDAATAEKVFKQYANDNGVDGEWTYDDATSTFTVTE,0.13857523477693617
927,QYKLILNGKTLKGETTTEAVDAATAEKVFKQYANDNGVDGEWTYDDATTTFTVTE,0.009035258891711813
928,QYKLILNGKTLKGETTTEAVDAATAEKVFKQYANDNGVDGEWTYDDATVTFTVTE,0.09105960864253765
929,QYKLILNGKTLKGETTTEAVDAATAEKVFKQYANDNGVDGEWTYDDATWTFTVTE,-0.07597787014403153
930,QYKLILNGKTLKGETTTEAVDAATAEKVFKQYANDNGVDGEWTYDDATYTFTVTE,-0.26446573926969413
931,QYKLILNGKTLKGETTTEAVDAATAEKVFKQYANDNGVDGEWTYDDATKAFTVTE,-0.2588340309502463
932,QYKLILNGKTLKGETTTEAVDAATAEKVFKQYANDNGVDGEWTYDDATKCFTVTE,0.23115718697115642
933,QYKLILNGKTLKGETTTEAVDAATAEKVFKQYANDNGVDGEWTYDDATKDFTVTE,0.30143661137933236
934,QYKLILNGKTLKGETTTEAVDAATAEKVFKQYANDNGVDGEWTYDDATKEFTVTE,0.6167096334467425
935,QYKLILNGKTLKGETTTEAVDAATAEKVFKQYANDNGVDGEWTYDDATKFFTVTE,0.663220209449114
936,QYKLILNGKTLKGETTTEAVDAATAEKVFKQYANDNGVDGEWTYDDATKGFTVTE,0.09435418198843738
937,QYKLILNGKTLKGETTTEAVDAATAEKVFKQYANDNGVDGEWTYDDATKHFTVTE,0.7463413707074572
938,QYKLILNGKTLKGETTTEAVDAATAEKVFKQYANDNGVDGEWTYDDATKIFTVTE,0.8168938711734846
939,QYKLILNGKTLKGETTTEAVDAATAEKVFKQYANDNGVDGEWTYDDATKKFTVTE,0.7536595687338843
940,QYKLILNGKTLKGETTTEAVDAATAEKVFKQYANDNGVDGEWTYDDATKLFTVTE,1.0570630473699367
941,QYKLILNGKTLKGETTTEAVDAATAEKVFKQYANDNGVDGEWTYDDATKMFTVTE,0.8739876233097278
942,QYKLILNGKTLKGETTTEAVDAATAEKVFKQYANDNGVDGEWTYDDATKNFTVTE,0.48175467432782976
943,QYKLILNGKTLKGETTTEAVDAATAEKVFKQYANDNGVDGEWTYDDATKPFTVTE,-5.639474454613926
944,QYKLILNGKTLKGETTTEAVDAATAEKVFKQYANDNGVDGEWTYDDATKQFTVTE,0.7449630735892457
945,QYKLILNGKTLKGETTTEAVDAATAEKVFKQYANDNGVDGEWTYDDATKRFTVTE,0.7531951634269943
946,QYKLILNGKTLKGETTTEAVDAATAEKVFKQYANDNGVDGEWTYDDATKSFTVTE,-0.1889578164690817
947,QYKLILNGKTLKGETTTEAVDAATAEKVFKQYANDNGVDGEWTYDDATKVFTVTE,0.8463357623108181
948,QYKLILNGKTLKGETTTEAVDAATAEKVFKQYANDNGVDGEWTYDDATKWFTVTE,0.782944148034632
949,QYKLILNGKTLKGETTTEAVDAATAEKVFKQYANDNGVDGEWTYDDATKYFTVTE,0.7034586144770462
950,QYKLILNGKTLKGETTTEAVDAATAEKVFKQYANDNGVDGEWTYDDATKTATVTE,-5.828218785652847
951,QYKLILNGKTLKGETTTEAVDAATAEKVFKQYANDNGVDGEWTYDDATKTCTVTE,-5.4858527748085475
952,QYKLILNGKTLKGETTTEAVDAATAEKVFKQYANDNGVDGEWTYDDATKTDTVTE,-8.085159817941488
953,QYKLILNGKTLKGETTTEAVDAATAEKVFKQYANDNGVDGEWTYDDATKTETVTE,-7.966374526422851
954,QYKLILNGKTLKGETTTEAVDAATAEKVFKQYANDNGVDGEWTYDDATKTGTVTE,-7.6651615458941595
955,QYKLILNGKTLKGETTTEAVDAATAEKVFKQYANDNGVDGEWTYDDATKTHTVTE,-5.490559712502773
956,QYKLILNGKTLKGETTTEAVDAATAEKVFKQYANDNGVDGEWTYDDATKTITVTE,-4.062426122216309
957,QYKLILNGKTLKGETTTEAVDAATAEKVFKQYANDNGVDGEWTYDDATKTKTVTE,-8.001778754113175
958,QYKLILNGKTLKGETTTEAVDAATAEKVFKQYANDNGVDGEWTYDDATKTLTVTE,-2.2430942122318482
959,QYKLILNGKTLKGETTTEAVDAATAEKVFKQYANDNGVDGEWTYDDATKTMTVTE,-2.4433801011306095
960,QYKLILNGKTLKGETTTEAVDAATAEKVFKQYANDNGVDGEWTYDDATKTNTVTE,-7.908286959389144
961,QYKLILNGKTLKGETTTEAVDAATAEKVFKQYANDNGVDGEWTYDDATKTPTVTE,-7.93954139083792
962,QYKLILNGKTLKGETTTEAVDAATAEKVFKQYANDNGVDGEWTYDDATKTQTVTE,-7.801149445284378
963,QYKLILNGKTLKGETTTEAVDAATAEKVFKQYANDNGVDGEWTYDDATKTRTVTE,-7.952523452612173
964,QYKLILNGKTLKGETTTEAVDAATAEKVFKQYANDNGVDGEWTYDDATKTSTVTE,-7.341230755914619
965,QYKLILNGKTLKGETTTEAVDAATAEKVFKQYANDNGVDGEWTYDDATKTTTVTE,-7.114310032707559
966,QYKLILNGKTLKGETTTEAVDAATAEKVFKQYANDNGVDGEWTYDDATKTVTVTE,-4.945575088241688
967,QYKLILNGKTLKGETTTEAVDAATAEKVFKQYANDNGVDGEWTYDDATKTWTVTE,-7.121185311770303
968,QYKLILNGKTLKGETTTEAVDAATAEKVFKQYANDNGVDGEWTYDDATKTYTVTE,-3.2476868690513707
969,QYKLILNGKTLKGETTTEAVDAATAEKVFKQYANDNGVDGEWTYDDATKTFAVTE,0.005709764794520521
970,QYKLILNGKTLKGETTTEAVDAATAEKVFKQYANDNGVDGEWTYDDATKTFCVTE,-0.11569811686969096
971,QYKLILNGKTLKGETTTEAVDAATAEKVFKQYANDNGVDGEWTYDDATKTFDVTE,-0.6626824795504137
972,QYKLILNGKTLKGETTTEAVDAATAEKVFKQYANDNGVDGEWTYDDATKTFEVTE,-0.05462029681201902
973,QYKLILNGKTLKGETTTEAVDAATAEKVFKQYANDNGVDGEWTYDDATKTFFVTE,-0.8867892824161423
974,QYKLILNGKTLKGETTTEAVDAATAEKVFKQYANDNGVDGEWTYDDATKTFGVTE,0.8307691192875736
975,QYKLILNGKTLKGETTTEAVDAATAEKVFKQYANDNGVDGEWTYDDATKTFHVTE,-0.560546399206257
976,QYKLILNGKTLKGETTTEAVDAATAEKVFKQYANDNGVDGEWTYDDATKTFIVTE,-0.3969635545742267
977,QYKLILNGKTLKGETTTEAVDAATAEKVFKQYANDNGVDGEWTYDDATKTFKVTE,-0.07006237159858802
978,QYKLILNGKTLKGETTTEAVDAATAEKVFKQYANDNGVDGEWTYDDATKTFLVTE,-0.8465984475966498
979,QYKLILNGKTLKGETTTEAVDAATAEKVFKQYANDNGVDGEWTYDDATKTFMVTE,-0.3203397699151289
980,QYKLILNGKTLKGETTTEAVDAATAEKVFKQYANDNGVDGEWTYDDATKTFNVTE,-0.388422294711171
981,QYKLILNGKTLKGETTTEAVDAATAEKVFKQYANDNGVDGEWTYDDATKTFPVTE,-6.851804350809961
982,QYKLILNGKTLKGETTTEAVDAATAEKVFKQYANDNGVDGEWTYDDATKTFQVTE,0.03127539823081776
983,QYKLILNGKTLKGETTTEAVDAATAEKVFKQYANDNGVDGEWTYDDATKTFRVTE,-0.14481097488747877
984,QYKLILNGKTLKGETTTEAVDAATAEKVFKQYANDNGVDGEWTYDDATKTFSVTE,0.2293913422344167
985,QYKLILNGKTLKGETTTEAVDAATAEKVFKQYANDNGVDGEWTYDDATKTFVVTE,0.09168990795423142
986,QYKLILNGKTLKGETTTEAVDAATAEKVFKQYANDNGVDGEWTYDDATKTFWVTE,0.009902340070070181
987,QYKLILNGKTLKGETTTEAVDAATAEKVFKQYANDNGVDGEWTYDDATKTFYVTE,-0.7698305278594416
988,QYKLILNGKTLKGETTTEAVDAATAEKVFKQYANDNGVDGEWTYDDATKTFTATE,0.24482349537279757
989,QYKLILNGKTLKGETTTEAVDAATAEKVFKQYANDNGVDGEWTYDDATKTFTCTE,0.2873180330477144
990,QYKLILNGKTLKGETTTEAVDAATAEKVFKQYANDNGVDGEWTYDDATKTFTDTE,-5.195600765821521
991,QYKLILNGKTLKGETTTEAVDAATAEKVFKQYANDNGVDGEWTYDDATKTFTETE,-5.0330660633866415
992,QYKLILNGKTLKGETTTEAVDAATAEKVFKQYANDNGVDGEWTYDDATKTFTFTE,-0.4973130131249365
993,QYKLILNGKTLKGETTTEAVDAATAEKVFKQYANDNGVDGEWTYDDATKTFTGTE,-2.123801707093231
994,QYKLILNGKTLKGETTTEAVDAATAEKVFKQYANDNGVDGEWTYDDATKTFTHTE,-2.838517044505912
995,QYKLILNGKTLKGETTTEAVDAATAEKVFKQYANDNGVDGEWTYDDATKTFTITE,-1.6190956143922446
996,QYKLILNGKTLKGETTTEAVDAATAEKVFKQYANDNGVDGEWTYDDATKTFTKTE,-7.2153282916402635
997,QYKLILNGKTLKGETTTEAVDAATAEKVFKQYANDNGVDGEWTYDDATKTFTLTE,-1.606556570401144
998,QYKLILNGKTLKGETTTEAVDAATAEKVFKQYANDNGVDGEWTYDDATKTFTMTE,-0.98412505161413
999,QYKLILNGKTLKGETTTEAVDAATAEKVFKQYANDNGVDGEWTYDDATKTFTNTE,-2.363240084810535
1000,QYKLILNGKTLKGETTTEAVDAATAEKVFKQYANDNGVDGEWTYDDATKTFTPTE,-7.248115655363408
1001,QYKLILNGKTLKGETTTEAVDAATAEKVFKQYANDNGVDGEWTYDDATKTFTQTE,-3.2189718773914042
1002,QYKLILNGKTLKGETTTEAVDAATAEKVFKQYANDNGVDGEWTYDDATKTFTRTE,-7.545391124440686
1003,QYKLILNGKTLKGETTTEAVDAATAEKVFKQYANDNGVDGEWTYDDATKTFTSTE,-1.2246667025208011
1004,QYKLILNGKTLKGETTTEAVDAATAEKVFKQYANDNGVDGEWTYDDATKTFTTTE,-0.9132421718307187
1005,QYKLILNGKTLKGETTTEAVDAATAEKVFKQYANDNGVDGEWTYDDATKTFTWTE,-0.7268745102912897
1006,QYKLILNGKTLKGETTTEAVDAATAEKVFKQYANDNGVDGEWTYDDATKTFTYTE,-5.339012275977825
1007,QYKLILNGKTLKGETTTEAVDAATAEKVFKQYANDNGVDGEWTYDDATKTFTVAE,-0.5501005501757403
1008,QYKLILNGKTLKGETTTEAVDAATAEKVFKQYANDNGVDGEWTYDDATKTFTVCE,-0.5136138973245097
1009,QYKLILNGKTLKGETTTEAVDAATAEKVFKQYANDNGVDGEWTYDDATKTFTVDE,-0.9716283152335585
1010,QYKLILNGKTLKGETTTEAVDAATAEKVFKQYANDNGVDGEWTYDDATKTFTVEE,-0.6942364675510252
1011,QYKLILNGKTLKGETTTEAVDAATAEKVFKQYANDNGVDGEWTYDDATKTFTVFE,-0.7252373628391168
1012,QYKLILNGKTLKGETTTEAVDAATAEKVFKQYANDNGVDGEWTYDDATKTFTVGE,-1.1442523571795222
1013,QYKLILNGKTLKGETTTEAVDAATAEKVFKQYANDNGVDGEWTYDDATKTFTVHE,-0.7445041898679269
1014,QYKLILNGKTLKGETTTEAVDAATAEKVFKQYANDNGVDGEWTYDDATKTFTVIE,-0.8600272912582827
1015,QYKLILNGKTLKGETTTEAVDAATAEKVFKQYANDNGVDGEWTYDDATKTFTVKE,-0.23634350621271483
1016,QYKLILNGKTLKGETTTEAVDAATAEKVFKQYANDNGVDGEWTYDDATKTFTVLE,-0.7696207702893981
1017,QYKLILNGKTLKGETTTEAVDAATAEKVFKQYANDNGVDGEWTYDDATKTFTVME,-0.6860433452941535
1018,QYKLILNGKTLKGETTTEAVDAATAEKVFKQYANDNGVDGEWTYDDATKTFTVNE,-0.7014939131814522
1019,QYKLILNGKTLKGETTTEAVDAATAEKVFKQYANDNGVDGEWTYDDATKTFTVPE,-4.926013760064926
1020,QYKLILNGKTLKGETTTEAVDAATAEKVFKQYANDNGVDGEWTYDDATKTFTVQE,-0.552952205402084
1021,QYKLILNGKTLKGETTTEAVDAATAEKVFKQYANDNGVDGEWTYDDATKTFTVRE,-0.08764685346340868
1022,QYKLILNGKTLKGETTTEAVDAATAEKVFKQYANDNGVDGEWTYDDATKTFTVSE,-0.2520486733189678
1023,QYKLILNGKTLKGETTTEAVDAATAEKVFKQYANDNGVDGEWTYDDATKTFTVVE,-0.5790704824936439
1024,QYKLILNGKTLKGETTTEAVDAATAEKVFKQYANDNGVDGEWTYDDATKTFTVWE,-0.32515794550775234
1025,QYKLILNGKTLKGETTTEAVDAATAEKVFKQYANDNGVDGEWTYDDATKTFTVYE,-0.593552484065824
1026,QYKLILNGKTLKGETTTEAVDAATAEKVFKQYANDNGVDGEWTYDDATKTFTVTA,-1.7069509547817523
1027,QYKLILNGKTLKGETTTEAVDAATAEKVFKQYANDNGVDGEWTYDDATKTFTVTC,-2.2714041354471366
1028,QYKLILNGKTLKGETTTEAVDAATAEKVFKQYANDNGVDGEWTYDDATKTFTVTD,-2.548698954244503
1029,QYKLILNGKTLKGETTTEAVDAATAEKVFKQYANDNGVDGEWTYDDATKTFTVTF,-2.270119080572767
1030,QYKLILNGKTLKGETTTEAVDAATAEKVFKQYANDNGVDGEWTYDDATKTFTVTG,-2.112632019931287
1031,QYKLILNGKTLKGETTTEAVDAATAEKVFKQYANDNGVDGEWTYDDATKTFTVTH,-2.0348501176998073
1032,QYKLILNGKTLKGETTTEAVDAATAEKVFKQYANDNGVDGEWTYDDATKTFTVTI,-2.872500116117011
1033,QYKLILNGKTLKGETTTEAVDAATAEKVFKQYANDNGVDGEWTYDDATKTFTVTK,-1.9568565896237993
1034,QYKLILNGKTLKGETTTEAVDAATAEKVFKQYANDNGVDGEWTYDDATKTFTVTL,-2.8655715194854277
1035,QYKLILNGKTLKGETTTEAVDAATAEKVFKQYANDNGVDGEWTYDDATKTFTVTM,-2.5421490713100723
1036,QYKLILNGKTLKGETTTEAVDAATAEKVFKQYANDNGVDGEWTYDDATKTFTVTN,-2.2380254710810426
1037,QYKLILNGKTLKGETTTEAVDAATAEKVFKQYANDNGVDGEWTYDDATKTFTVTP,-2.8197369310533076
1038,QYKLILNGKTLKGETTTEAVDAATAEKVFKQYANDNGVDGEWTYDDATKTFTVTQ,-1.2960140368971111
1039,QYKLILNGKTLKGETTTEAVDAATAEKVFKQYANDNGVDGEWTYDDATKTFTVTR,-1.9071301333004156
1040,QYKLILNGKTLKGETTTEAVDAATAEKVFKQYANDNGVDGEWTYDDATKTFTVTS,-1.4882996879114339
1041,QYKLILNGKTLKGETTTEAVDAATAEKVFKQYANDNGVDGEWTYDDATKTFTVTT,-1.2849344099547093
1042,QYKLILNGKTLKGETTTEAVDAATAEKVFKQYANDNGVDGEWTYDDATKTFTVTV,-2.011392207051826
1043,QYKLILNGKTLKGETTTEAVDAATAEKVFKQYANDNGVDGEWTYDDATKTFTVTW,-1.7328535249972745
1044,QYKLILNGKTLKGETTTEAVDAATAEKVFKQYANDNGVDGEWTYDDATKTFTVTY,-2.3970244174594066
